{"stats":{"minecraft:used":{"minecraft:stone_sword":84,"minecraft:stone_pickaxe":150,"minecraft:poppy":1,"minecraft:chest":1,"minecraft:wooden_pickaxe":41,"minecraft:torch":22,"minecraft:dirt":8,"minecraft:mutton":9,"minecraft:crafting_table":3,"minecraft:white_bed":2,"minecraft:chicken":2,"minecraft:stone_axe":170,"minecraft:cobblestone":45,"minecraft:cooked_porkchop":4,"minecraft:furnace":1,"minecraft:porkchop":5,"minecraft:birch_log":7,"minecraft:dandelion":3},"minecraft:killed_by":{"minecraft:creeper":1},"minecraft:killed":{"minecraft:pig":6,"minecraft:squid":1,"minecraft:sheep":6,"minecraft:skeleton":1,"minecraft:zombie":3,"minecraft:chicken":9},"minecraft:dropped":{"minecraft:wheat_seeds":5,"minecraft:stone_sword":1,"minecraft:chicken":6,"minecraft:rotten_flesh":1,"minecraft:cobblestone":20,"minecraft:light_gray_wool":1,"minecraft:oak_planks":56,"minecraft:azure_bluet":2,"minecraft:oak_sapling":5,"minecraft:wooden_pickaxe":1,"minecraft:stone_pickaxe":1,"minecraft:birch_log":1,"minecraft:white_wool":2,"minecraft:dandelion":1},"minecraft:custom":{"minecraft:interact_with_furnace":5,"minecraft:mob_kills":26,"minecraft:interact_with_crafting_table":18,"minecraft:time_since_death":38689,"minecraft:sleep_in_bed":6,"minecraft:time_since_rest":5811,"minecraft:sprint_one_cm":39862,"minecraft:damage_taken":922,"minecraft:walk_one_cm":186652,"minecraft:drop":19,"minecraft:damage_dealt":2228,"minecraft:swim_one_cm":26348,"minecraft:fly_one_cm":15641,"minecraft:open_chest":8,"minecraft:crouch_one_cm":368,"minecraft:play_time":74110,"minecraft:deaths":1,"minecraft:sneak_time":189,"minecraft:walk_under_water_one_cm":15832,"minecraft:jump":617,"minecraft:walk_on_water_one_cm":22060,"minecraft:total_world_time":74110,"minecraft:fall_one_cm":7980},"minecraft:mined":{"minecraft:brown_mushroom":3,"minecraft:white_bed":1,"minecraft:dandelion":4,"minecraft:crafting_table":1,"minecraft:torch":2,"minecraft:short_grass":117,"minecraft:grass_block":6,"minecraft:poppy":1,"minecraft:cobblestone":16,"minecraft:spruce_leaves":10,"minecraft:sugar_cane":1,"minecraft:oxeye_daisy":1,"minecraft:wall_torch":4,"minecraft:birch_log":64,"minecraft:fire":1,"minecraft:spruce_log":41,"minecraft:birch_leaves":12,"minecraft:peony":9,"minecraft:oak_log":25,"minecraft:coal_ore":23,"minecraft:gravel":12,"minecraft:dirt":2,"minecraft:stone":144,"minecraft:netherrack":1,"minecraft:oak_leaves":6},"minecraft:picked_up":{"minecraft:birch_log":123,"minecraft:crafting_table":1,"minecraft:azure_bluet":2,"minecraft:feather":15,"minecraft:chicken":9,"minecraft:brown_mushroom":3,"minecraft:wooden_pickaxe":2,"minecraft:oak_log":42,"minecraft:cornflower":1,"minecraft:dirt":8,"minecraft:bone":4,"minecraft:wheat_seeds":25,"minecraft:stone_pickaxe":2,"minecraft:poppy":1,"minecraft:light_gray_wool":2,"minecraft:sugar_cane":8,"minecraft:birch_sapling":6,"minecraft:egg":2,"minecraft:stick":8,"minecraft:torch":26,"minecraft:dandelion":5,"minecraft:gravel":19,"minecraft:porkchop":19,"minecraft:spruce_sapling":14,"minecraft:ink_sac":2,"minecraft:spruce_log":41,"minecraft:white_bed":1,"minecraft:stone_sword":1,"minecraft:arrow":1,"minecraft:rotten_flesh":6,"minecraft:stone_axe":1,"minecraft:peony":9,"minecraft:oak_sapling":10,"minecraft:netherrack":1,"minecraft:mutton":9,"minecraft:coal":40,"minecraft:white_wool":7,"minecraft:cobblestone":202,"minecraft:oxeye_daisy":4},"minecraft:crafted":{"minecraft:oak_planks":86,"minecraft:cooked_porkchop":7,"minecraft:crafting_table":2,"minecraft:wooden_pickaxe":1,"minecraft:furnace":1,"minecraft:stone_axe":2,"minecraft:stick":20,"minecraft:stone_pickaxe":2,"minecraft:stone_sword":1,"minecraft:chest":1,"minecraft:white_bed":1,"minecraft:torch":22}},"DataVersion":3953}