{"stats":{"minecraft:used":{"minecraft:stone_sword":94,"minecraft:stone_shovel":15,"minecraft:stone_pickaxe":237,"minecraft:poppy":1,"minecraft:chest":1,"minecraft:wooden_pickaxe":47,"minecraft:salmon":1,"minecraft:torch":30,"minecraft:dirt":9,"minecraft:mutton":9,"minecraft:crafting_table":5,"minecraft:white_bed":2,"minecraft:chicken":2,"minecraft:stone_axe":297,"minecraft:purple_bed":1,"minecraft:cobblestone":52,"minecraft:sweet_berries":26,"minecraft:oak_sapling":1,"minecraft:furnace":1,"minecraft:cooked_porkchop":5,"minecraft:porkchop":5,"minecraft:birch_log":7,"minecraft:dandelion":3},"minecraft:killed_by":{"minecraft:skeleton":1,"minecraft:creeper":1},"minecraft:killed":{"minecraft:pig":6,"minecraft:salmon":1,"minecraft:squid":3,"minecraft:sheep":7,"minecraft:skeleton":1,"minecraft:zombie":3,"minecraft:chicken":12},"minecraft:dropped":{"minecraft:stone_axe":1,"minecraft:wheat_seeds":5,"minecraft:stone_sword":1,"minecraft:cooked_porkchop":2,"minecraft:stone_shovel":1,"minecraft:chicken":6,"minecraft:rotten_flesh":1,"minecraft:cobblestone":20,"minecraft:light_gray_wool":1,"minecraft:oak_planks":56,"minecraft:azure_bluet":2,"minecraft:oxeye_daisy":3,"minecraft:oak_sapling":5,"minecraft:wooden_pickaxe":3,"minecraft:stone_pickaxe":4,"minecraft:birch_log":1,"minecraft:white_wool":2,"minecraft:dandelion":1},"minecraft:custom":{"minecraft:interact_with_furnace":9,"minecraft:mob_kills":33,"minecraft:interact_with_crafting_table":27,"minecraft:leave_game":1,"minecraft:time_since_death":21923,"minecraft:sleep_in_bed":6,"minecraft:time_since_rest":21950,"minecraft:sprint_one_cm":120670,"minecraft:damage_taken":1376,"minecraft:walk_one_cm":305058,"minecraft:drop":31,"minecraft:damage_dealt":2731,"minecraft:talked_to_villager":1,"minecraft:swim_one_cm":42519,"minecraft:fly_one_cm":66350,"minecraft:open_chest":11,"minecraft:crouch_one_cm":473,"minecraft:play_time":109651,"minecraft:deaths":2,"minecraft:sneak_time":253,"minecraft:walk_under_water_one_cm":22881,"minecraft:jump":1182,"minecraft:walk_on_water_one_cm":34124,"minecraft:total_world_time":109651,"minecraft:fall_one_cm":16800},"minecraft:broken":{"minecraft:stone_pickaxe":1},"minecraft:mined":{"minecraft:white_bed":2,"minecraft:brown_mushroom":9,"minecraft:dark_oak_log":2,"minecraft:dandelion":4,"minecraft:crafting_table":3,"minecraft:torch":2,"minecraft:granite":3,"minecraft:short_grass":122,"minecraft:grass_block":7,"minecraft:poppy":2,"minecraft:chest":1,"minecraft:lectern":1,"minecraft:mushroom_stem":5,"minecraft:brown_mushroom_block":4,"minecraft:cobblestone":16,"minecraft:spruce_leaves":40,"minecraft:sugar_cane":5,"minecraft:oxeye_daisy":1,"minecraft:diorite":1,"minecraft:wall_torch":6,"minecraft:purple_bed":1,"minecraft:birch_log":69,"minecraft:iron_ore":1,"minecraft:fire":1,"minecraft:sweet_berry_bush":24,"minecraft:spruce_log":93,"minecraft:birch_leaves":13,"minecraft:pumpkin":4,"minecraft:peony":9,"minecraft:bookshelf":6,"minecraft:coal_ore":58,"minecraft:oak_log":37,"minecraft:gravel":25,"minecraft:dirt":3,"minecraft:stone":188,"minecraft:netherrack":1,"minecraft:oak_leaves":9,"minecraft:fern":1},"minecraft:picked_up":{"minecraft:birch_log":126,"minecraft:crafting_table":3,"minecraft:clock":1,"minecraft:feather":16,"minecraft:azure_bluet":2,"minecraft:chicken":12,"minecraft:salmon":1,"minecraft:brown_mushroom":9,"minecraft:wooden_pickaxe":3,"minecraft:flint":2,"minecraft:oak_log":54,"minecraft:cornflower":1,"minecraft:dirt":10,"minecraft:bone":4,"minecraft:wheat_seeds":26,"minecraft:stone_pickaxe":5,"minecraft:poppy":2,"minecraft:light_gray_wool":2,"minecraft:lectern":1,"minecraft:sugar_cane":18,"minecraft:chest":1,"minecraft:birch_sapling":6,"minecraft:egg":3,"minecraft:book":18,"minecraft:raw_iron":1,"minecraft:stick":14,"minecraft:cooked_porkchop":1,"minecraft:pumpkin":4,"minecraft:sweet_berries":44,"minecraft:torch":28,"minecraft:dandelion":5,"minecraft:gravel":32,"minecraft:porkchop":19,"minecraft:spruce_sapling":25,"minecraft:ink_sac":7,"minecraft:diorite":1,"minecraft:white_bed":2,"minecraft:spruce_log":90,"minecraft:dark_oak_log":2,"minecraft:purple_bed":1,"minecraft:stone_sword":1,"minecraft:arrow":1,"minecraft:rotten_flesh":6,"minecraft:stone_axe":2,"minecraft:peony":9,"minecraft:granite":3,"minecraft:gold_ingot":3,"minecraft:oak_sapling":11,"minecraft:netherrack":1,"minecraft:mutton":10,"minecraft:coal":74,"minecraft:white_wool":8,"minecraft:cobblestone":252,"minecraft:oxeye_daisy":4},"minecraft:crafted":{"minecraft:oak_planks":110,"minecraft:stone_shovel":1,"minecraft:cooked_porkchop":7,"minecraft:crafting_table":3,"minecraft:wooden_pickaxe":2,"minecraft:furnace":1,"minecraft:stone_axe":3,"minecraft:stick":28,"minecraft:stone_pickaxe":4,"minecraft:stone_sword":1,"minecraft:chest":1,"minecraft:white_bed":1,"minecraft:torch":22}},"DataVersion":3953}