{"stats":{"minecraft:used":{"minecraft:stone_sword":94,"minecraft:flint_and_steel":2,"minecraft:stone_shovel":15,"minecraft:poppy":1,"minecraft:chest":4,"minecraft:iron_sword":9,"minecraft:torch":33,"minecraft:dirt":9,"minecraft:mutton":9,"minecraft:spruce_stairs":2,"minecraft:golden_chestplate":1,"minecraft:wooden_axe":18,"minecraft:sweet_berries":35,"minecraft:furnace":1,"minecraft:oak_sapling":1,"minecraft:light_gray_bed":1,"minecraft:wheat_seeds":2,"minecraft:stone_pickaxe":237,"minecraft:wooden_pickaxe":87,"minecraft:fletching_table":1,"minecraft:salmon":1,"minecraft:crafting_table":6,"minecraft:white_bed":2,"minecraft:chicken":2,"minecraft:iron_pickaxe":29,"minecraft:spruce_trapdoor":1,"minecraft:spruce_sapling":4,"minecraft:stone_axe":303,"minecraft:cobblestone":69,"minecraft:purple_bed":1,"minecraft:porkchop":5,"minecraft:cooked_porkchop":6,"minecraft:birch_log":7,"minecraft:dandelion":3},"minecraft:killed_by":{"minecraft:creeper":1,"minecraft:iron_golem":1,"minecraft:skeleton":1},"minecraft:killed":{"minecraft:skeleton":1,"minecraft:chicken":12,"minecraft:pig":6,"minecraft:salmon":1,"minecraft:squid":3,"minecraft:sheep":7,"minecraft:zombie":3,"minecraft:villager":1},"minecraft:dropped":{"minecraft:wheat_seeds":5,"minecraft:cooked_porkchop":2,"minecraft:cobblestone":20,"minecraft:oxeye_daisy":3,"minecraft:wooden_axe":1,"minecraft:birch_log":1,"minecraft:white_wool":4,"minecraft:dandelion":1,"minecraft:stone_axe":1,"minecraft:stone_sword":1,"minecraft:stone_shovel":1,"minecraft:chicken":6,"minecraft:rotten_flesh":1,"minecraft:light_gray_wool":1,"minecraft:oak_planks":56,"minecraft:azure_bluet":2,"minecraft:pumpkin_seeds":1,"minecraft:poppy":2,"minecraft:oak_sapling":5,"minecraft:stone_pickaxe":4,"minecraft:wooden_pickaxe":3},"minecraft:broken":{"minecraft:wooden_pickaxe":1,"minecraft:stone_pickaxe":1,"minecraft:stone_axe":1},"minecraft:custom":{"minecraft:mob_kills":34,"minecraft:interact_with_crafting_table":32,"minecraft:leave_game":2,"minecraft:time_since_death":22373,"minecraft:sprint_one_cm":149648,"minecraft:walk_one_cm":398511,"minecraft:drop":36,"minecraft:talked_to_villager":20,"minecraft:play_time":135004,"minecraft:deaths":3,"minecraft:sneak_time":716,"minecraft:walk_under_water_one_cm":23160,"minecraft:jump":1460,"minecraft:walk_on_water_one_cm":37829,"minecraft:total_world_time":135004,"minecraft:interact_with_furnace":9,"minecraft:traded_with_villager":1,"minecraft:sleep_in_bed":8,"minecraft:time_since_rest":6498,"minecraft:damage_taken":1952,"minecraft:damage_dealt":3954,"minecraft:swim_one_cm":47094,"minecraft:fly_one_cm":78919,"minecraft:player_kills":1,"minecraft:open_chest":17,"minecraft:crouch_one_cm":599,"minecraft:fall_one_cm":19411},"minecraft:mined":{"minecraft:white_bed":2,"minecraft:dark_oak_log":2,"minecraft:spruce_trapdoor":1,"minecraft:granite":3,"minecraft:grass_block":7,"minecraft:brown_mushroom_block":4,"minecraft:spruce_leaves":60,"minecraft:oxeye_daisy":1,"minecraft:large_fern":2,"minecraft:iron_ore":1,"minecraft:fire":3,"minecraft:pumpkin":4,"minecraft:peony":9,"minecraft:dirt_path":1,"minecraft:bookshelf":6,"minecraft:potatoes":1,"minecraft:stone":218,"minecraft:brown_mushroom":9,"minecraft:spruce_door":1,"minecraft:dandelion":4,"minecraft:crafting_table":3,"minecraft:torch":2,"minecraft:short_grass":122,"minecraft:poppy":2,"minecraft:chest":1,"minecraft:lectern":1,"minecraft:mushroom_stem":5,"minecraft:cobblestone":19,"minecraft:sugar_cane":5,"minecraft:diorite":1,"minecraft:wall_torch":7,"minecraft:spruce_stairs":2,"minecraft:purple_bed":1,"minecraft:birch_log":69,"minecraft:wheat":8,"minecraft:sweet_berry_bush":24,"minecraft:pumpkin_stem":1,"minecraft:spruce_log":99,"minecraft:birch_leaves":13,"minecraft:oak_log":37,"minecraft:coal_ore":65,"minecraft:dirt":3,"minecraft:gravel":25,"minecraft:netherrack":1,"minecraft:oak_leaves":9,"minecraft:fern":1},"minecraft:picked_up":{"minecraft:wooden_axe":1,"minecraft:crafting_table":4,"minecraft:wheat":7,"minecraft:azure_bluet":2,"minecraft:chicken":17,"minecraft:brown_mushroom":9,"minecraft:wooden_pickaxe":3,"minecraft:shield":1,"minecraft:cornflower":1,"minecraft:flint_and_steel":1,"minecraft:beef":8,"minecraft:iron_pickaxe":1,"minecraft:poppy":6,"minecraft:light_gray_wool":2,"minecraft:lectern":2,"minecraft:sugar_cane":24,"minecraft:chest":4,"minecraft:birch_sapling":6,"minecraft:spruce_trapdoor":1,"minecraft:furnace":1,"minecraft:egg":3,"minecraft:stick":40,"minecraft:raw_iron":1,"minecraft:torch":62,"minecraft:spruce_stairs":2,"minecraft:porkchop":19,"minecraft:cherry_log":19,"minecraft:diorite":1,"minecraft:carrot":11,"minecraft:golden_chestplate":1,"minecraft:light_gray_bed":1,"minecraft:stone_sword":1,"minecraft:arrow":1,"minecraft:stone_shovel":6,"minecraft:rotten_flesh":6,"minecraft:peony":9,"minecraft:gold_ingot":3,"minecraft:mutton":22,"minecraft:white_wool":10,"minecraft:cobblestone":428,"minecraft:oxeye_daisy":4,"minecraft:birch_log":126,"minecraft:feather":16,"minecraft:clock":2,"minecraft:salmon":1,"minecraft:leather":4,"minecraft:potato":12,"minecraft:flint":4,"minecraft:oak_log":54,"minecraft:dirt":44,"minecraft:bone":4,"minecraft:wheat_seeds":82,"minecraft:iron_ingot":4,"minecraft:stone_pickaxe":5,"minecraft:iron_sword":1,"minecraft:oak_planks":13,"minecraft:book":36,"minecraft:cooked_porkchop":3,"minecraft:pumpkin":4,"minecraft:sweet_berries":60,"minecraft:dandelion":5,"minecraft:gravel":32,"minecraft:sand":10,"minecraft:spruce_sapling":30,"minecraft:ink_sac":12,"minecraft:white_bed":2,"minecraft:spruce_log":96,"minecraft:dark_oak_log":4,"minecraft:spruce_door":1,"minecraft:pumpkin_seeds":1,"minecraft:purple_bed":1,"minecraft:stone_axe":4,"minecraft:granite":3,"minecraft:cherry_sapling":2,"minecraft:oak_sapling":11,"minecraft:netherrack":1,"minecraft:coal":110},"minecraft:crafted":{"minecraft:oak_planks":110,"minecraft:stone_shovel":1,"minecraft:furnace":1,"minecraft:stone_pickaxe":4,"minecraft:chest":1,"minecraft:dark_oak_planks":8,"minecraft:emerald":1,"minecraft:cooked_porkchop":7,"minecraft:crafting_table":3,"minecraft:spruce_planks":12,"minecraft:wooden_pickaxe":3,"minecraft:iron_sword":1,"minecraft:fletching_table":1,"minecraft:stone_axe":3,"minecraft:shield":1,"minecraft:stick":60,"minecraft:wooden_axe":1,"minecraft:stone_sword":1,"minecraft:white_bed":1,"minecraft:torch":22}},"DataVersion":3953}