{"stats":{"minecraft:used":{"minecraft:stone_sword":94,"minecraft:flint_and_steel":2,"minecraft:stone_shovel":15,"minecraft:poppy":1,"minecraft:chest":1,"minecraft:iron_sword":2,"minecraft:torch":30,"minecraft:dirt":9,"minecraft:mutton":9,"minecraft:golden_chestplate":1,"minecraft:wooden_axe":18,"minecraft:sweet_berries":35,"minecraft:furnace":1,"minecraft:oak_sapling":1,"minecraft:stone_pickaxe":237,"minecraft:wooden_pickaxe":74,"minecraft:fletching_table":1,"minecraft:salmon":1,"minecraft:crafting_table":6,"minecraft:white_bed":2,"minecraft:chicken":2,"minecraft:spruce_trapdoor":1,"minecraft:spruce_sapling":4,"minecraft:stone_axe":303,"minecraft:cobblestone":55,"minecraft:purple_bed":1,"minecraft:porkchop":5,"minecraft:cooked_porkchop":5,"minecraft:birch_log":7,"minecraft:dandelion":3},"minecraft:killed_by":{"minecraft:creeper":1,"minecraft:iron_golem":1,"minecraft:skeleton":1},"minecraft:killed":{"minecraft:skeleton":1,"minecraft:chicken":12,"minecraft:pig":6,"minecraft:salmon":1,"minecraft:squid":3,"minecraft:sheep":7,"minecraft:zombie":3,"minecraft:villager":1},"minecraft:dropped":{"minecraft:wheat_seeds":5,"minecraft:cooked_porkchop":2,"minecraft:cobblestone":20,"minecraft:oxeye_daisy":3,"minecraft:birch_log":1,"minecraft:white_wool":2,"minecraft:dandelion":1,"minecraft:stone_axe":1,"minecraft:stone_sword":1,"minecraft:stone_shovel":1,"minecraft:chicken":6,"minecraft:rotten_flesh":1,"minecraft:light_gray_wool":1,"minecraft:oak_planks":56,"minecraft:azure_bluet":2,"minecraft:oak_sapling":5,"minecraft:stone_pickaxe":4,"minecraft:wooden_pickaxe":3},"minecraft:broken":{"minecraft:wooden_pickaxe":1,"minecraft:stone_pickaxe":1,"minecraft:stone_axe":1},"minecraft:custom":{"minecraft:mob_kills":34,"minecraft:interact_with_crafting_table":32,"minecraft:leave_game":1,"minecraft:time_since_death":9020,"minecraft:sprint_one_cm":131599,"minecraft:walk_one_cm":350654,"minecraft:drop":31,"minecraft:talked_to_villager":13,"minecraft:play_time":121651,"minecraft:deaths":3,"minecraft:sneak_time":684,"minecraft:walk_under_water_one_cm":22881,"minecraft:jump":1311,"minecraft:walk_on_water_one_cm":34434,"minecraft:total_world_time":121651,"minecraft:interact_with_furnace":9,"minecraft:traded_with_villager":1,"minecraft:sleep_in_bed":7,"minecraft:time_since_rest":6252,"minecraft:damage_taken":1879,"minecraft:damage_dealt":3872,"minecraft:swim_one_cm":47094,"minecraft:fly_one_cm":70911,"minecraft:open_chest":11,"minecraft:crouch_one_cm":504,"minecraft:fall_one_cm":17487},"minecraft:mined":{"minecraft:white_bed":2,"minecraft:dark_oak_log":2,"minecraft:spruce_trapdoor":1,"minecraft:granite":3,"minecraft:grass_block":7,"minecraft:brown_mushroom_block":4,"minecraft:spruce_leaves":60,"minecraft:oxeye_daisy":1,"minecraft:large_fern":1,"minecraft:iron_ore":1,"minecraft:fire":3,"minecraft:pumpkin":4,"minecraft:peony":9,"minecraft:bookshelf":6,"minecraft:stone":188,"minecraft:brown_mushroom":9,"minecraft:spruce_door":1,"minecraft:dandelion":4,"minecraft:crafting_table":3,"minecraft:torch":2,"minecraft:short_grass":122,"minecraft:poppy":2,"minecraft:chest":1,"minecraft:lectern":1,"minecraft:mushroom_stem":5,"minecraft:cobblestone":16,"minecraft:sugar_cane":5,"minecraft:diorite":1,"minecraft:wall_torch":6,"minecraft:spruce_stairs":2,"minecraft:purple_bed":1,"minecraft:birch_log":69,"minecraft:sweet_berry_bush":24,"minecraft:spruce_log":99,"minecraft:birch_leaves":13,"minecraft:oak_log":37,"minecraft:coal_ore":58,"minecraft:dirt":3,"minecraft:gravel":25,"minecraft:netherrack":1,"minecraft:oak_leaves":9,"minecraft:fern":1},"minecraft:picked_up":{"minecraft:crafting_table":4,"minecraft:azure_bluet":2,"minecraft:chicken":12,"minecraft:brown_mushroom":9,"minecraft:wooden_pickaxe":3,"minecraft:cornflower":1,"minecraft:flint_and_steel":1,"minecraft:poppy":3,"minecraft:light_gray_wool":2,"minecraft:lectern":2,"minecraft:sugar_cane":24,"minecraft:chest":1,"minecraft:birch_sapling":6,"minecraft:spruce_trapdoor":1,"minecraft:egg":3,"minecraft:stick":25,"minecraft:raw_iron":1,"minecraft:torch":28,"minecraft:spruce_stairs":2,"minecraft:porkchop":19,"minecraft:diorite":1,"minecraft:golden_chestplate":1,"minecraft:stone_sword":1,"minecraft:arrow":1,"minecraft:rotten_flesh":6,"minecraft:peony":9,"minecraft:gold_ingot":3,"minecraft:mutton":10,"minecraft:white_wool":9,"minecraft:cobblestone":252,"minecraft:oxeye_daisy":4,"minecraft:birch_log":126,"minecraft:feather":16,"minecraft:clock":2,"minecraft:salmon":1,"minecraft:flint":4,"minecraft:oak_log":54,"minecraft:dirt":10,"minecraft:bone":4,"minecraft:wheat_seeds":26,"minecraft:iron_ingot":4,"minecraft:stone_pickaxe":5,"minecraft:oak_planks":13,"minecraft:book":36,"minecraft:cooked_porkchop":1,"minecraft:pumpkin":4,"minecraft:sweet_berries":60,"minecraft:dandelion":5,"minecraft:gravel":32,"minecraft:spruce_sapling":30,"minecraft:ink_sac":12,"minecraft:white_bed":2,"minecraft:spruce_log":96,"minecraft:dark_oak_log":4,"minecraft:spruce_door":1,"minecraft:purple_bed":1,"minecraft:stone_axe":2,"minecraft:granite":3,"minecraft:oak_sapling":11,"minecraft:netherrack":1,"minecraft:coal":74},"minecraft:crafted":{"minecraft:oak_planks":110,"minecraft:stone_shovel":1,"minecraft:furnace":1,"minecraft:stone_pickaxe":4,"minecraft:chest":1,"minecraft:dark_oak_planks":8,"minecraft:emerald":1,"minecraft:cooked_porkchop":7,"minecraft:crafting_table":3,"minecraft:spruce_planks":12,"minecraft:wooden_pickaxe":2,"minecraft:iron_sword":1,"minecraft:fletching_table":1,"minecraft:stone_axe":3,"minecraft:shield":1,"minecraft:stick":60,"minecraft:wooden_axe":1,"minecraft:stone_sword":1,"minecraft:white_bed":1,"minecraft:torch":22}},"DataVersion":3953}