{"stats":{"minecraft:used":{"minecraft:stone_sword":91,"minecraft:stone_shovel":15,"minecraft:stone_pickaxe":202,"minecraft:poppy":1,"minecraft:chest":1,"minecraft:wooden_pickaxe":41,"minecraft:torch":28,"minecraft:dirt":8,"minecraft:mutton":9,"minecraft:crafting_table":3,"minecraft:white_bed":2,"minecraft:chicken":2,"minecraft:stone_axe":182,"minecraft:cobblestone":46,"minecraft:furnace":1,"minecraft:cooked_porkchop":5,"minecraft:porkchop":5,"minecraft:birch_log":7,"minecraft:dandelion":3},"minecraft:killed_by":{"minecraft:creeper":1},"minecraft:killed":{"minecraft:pig":6,"minecraft:squid":1,"minecraft:sheep":6,"minecraft:skeleton":1,"minecraft:zombie":3,"minecraft:chicken":11},"minecraft:dropped":{"minecraft:wheat_seeds":5,"minecraft:stone_sword":1,"minecraft:cooked_porkchop":2,"minecraft:stone_shovel":1,"minecraft:chicken":6,"minecraft:rotten_flesh":1,"minecraft:cobblestone":20,"minecraft:light_gray_wool":1,"minecraft:oak_planks":56,"minecraft:azure_bluet":2,"minecraft:oxeye_daisy":3,"minecraft:oak_sapling":5,"minecraft:wooden_pickaxe":3,"minecraft:stone_pickaxe":3,"minecraft:birch_log":1,"minecraft:white_wool":2,"minecraft:dandelion":1},"minecraft:custom":{"minecraft:interact_with_furnace":9,"minecraft:mob_kills":28,"minecraft:interact_with_crafting_table":21,"minecraft:leave_game":1,"minecraft:time_since_death":50230,"minecraft:sleep_in_bed":6,"minecraft:time_since_rest":17352,"minecraft:sprint_one_cm":61087,"minecraft:damage_taken":1006,"minecraft:walk_one_cm":212594,"minecraft:drop":29,"minecraft:damage_dealt":2372,"minecraft:swim_one_cm":26348,"minecraft:fly_one_cm":24990,"minecraft:open_chest":9,"minecraft:crouch_one_cm":467,"minecraft:play_time":85651,"minecraft:deaths":1,"minecraft:sneak_time":223,"minecraft:walk_under_water_one_cm":15832,"minecraft:jump":784,"minecraft:walk_on_water_one_cm":22060,"minecraft:total_world_time":85651,"minecraft:fall_one_cm":9412},"minecraft:broken":{"minecraft:stone_pickaxe":1},"minecraft:mined":{"minecraft:white_bed":2,"minecraft:brown_mushroom":3,"minecraft:dandelion":4,"minecraft:crafting_table":1,"minecraft:torch":2,"minecraft:granite":3,"minecraft:short_grass":118,"minecraft:grass_block":6,"minecraft:poppy":1,"minecraft:cobblestone":16,"minecraft:spruce_leaves":10,"minecraft:sugar_cane":1,"minecraft:oxeye_daisy":1,"minecraft:diorite":1,"minecraft:wall_torch":6,"minecraft:birch_log":69,"minecraft:fire":1,"minecraft:spruce_log":41,"minecraft:birch_leaves":12,"minecraft:peony":9,"minecraft:coal_ore":43,"minecraft:oak_log":31,"minecraft:gravel":25,"minecraft:dirt":3,"minecraft:stone":170,"minecraft:netherrack":1,"minecraft:oak_leaves":7},"minecraft:picked_up":{"minecraft:birch_log":126,"minecraft:crafting_table":1,"minecraft:feather":16,"minecraft:azure_bluet":2,"minecraft:chicken":11,"minecraft:brown_mushroom":3,"minecraft:wooden_pickaxe":3,"minecraft:oak_log":48,"minecraft:cornflower":1,"minecraft:dirt":9,"minecraft:bone":4,"minecraft:wheat_seeds":26,"minecraft:stone_pickaxe":4,"minecraft:poppy":1,"minecraft:light_gray_wool":2,"minecraft:sugar_cane":8,"minecraft:birch_sapling":6,"minecraft:egg":3,"minecraft:stick":8,"minecraft:cooked_porkchop":1,"minecraft:torch":28,"minecraft:dandelion":5,"minecraft:gravel":32,"minecraft:porkchop":19,"minecraft:spruce_sapling":14,"minecraft:ink_sac":2,"minecraft:diorite":1,"minecraft:white_bed":2,"minecraft:spruce_log":41,"minecraft:stone_sword":1,"minecraft:arrow":1,"minecraft:rotten_flesh":6,"minecraft:stone_axe":1,"minecraft:peony":9,"minecraft:granite":3,"minecraft:oak_sapling":10,"minecraft:netherrack":1,"minecraft:mutton":9,"minecraft:coal":59,"minecraft:white_wool":7,"minecraft:cobblestone":234,"minecraft:oxeye_daisy":4},"minecraft:crafted":{"minecraft:oak_planks":86,"minecraft:stone_shovel":1,"minecraft:cooked_porkchop":7,"minecraft:crafting_table":2,"minecraft:wooden_pickaxe":1,"minecraft:furnace":1,"minecraft:stone_axe":2,"minecraft:stick":20,"minecraft:stone_pickaxe":3,"minecraft:stone_sword":1,"minecraft:chest":1,"minecraft:white_bed":1,"minecraft:torch":22}},"DataVersion":3953}