{"stats":{"minecraft:used":{"minecraft:stone_sword":94,"minecraft:flint_and_steel":2,"minecraft:spruce_slab":11,"minecraft:stone_shovel":60,"minecraft:poppy":1,"minecraft:chest":5,"minecraft:iron_sword":20,"minecraft:torch":99,"minecraft:dirt":10,"minecraft:mutton":9,"minecraft:spruce_stairs":2,"minecraft:cobblestone_wall":1,"minecraft:carrot":11,"minecraft:golden_chestplate":1,"minecraft:wooden_axe":18,"minecraft:sweet_berries":38,"minecraft:oak_sapling":1,"minecraft:furnace":2,"minecraft:light_gray_bed":1,"minecraft:wheat_seeds":2,"minecraft:cooked_mutton":5,"minecraft:stone_pickaxe":886,"minecraft:composter":4,"minecraft:wooden_pickaxe":87,"minecraft:fletching_table":3,"minecraft:salmon":1,"minecraft:crafting_table":8,"minecraft:white_bed":2,"minecraft:bread":2,"minecraft:chicken":2,"minecraft:iron_pickaxe":236,"minecraft:lectern":45,"minecraft:spruce_trapdoor":3,"minecraft:spruce_sapling":4,"minecraft:stone_axe":467,"minecraft:cobblestone":164,"minecraft:purple_bed":5,"minecraft:grindstone":1,"minecraft:cooked_porkchop":7,"minecraft:porkchop":5,"minecraft:andesite":10,"minecraft:birch_log":7,"minecraft:dandelion":3},"minecraft:killed_by":{"minecraft:creeper":1,"minecraft:iron_golem":1,"minecraft:skeleton":1},"minecraft:killed":{"minecraft:skeleton":1,"minecraft:chicken":12,"minecraft:pig":6,"minecraft:salmon":1,"minecraft:squid":3,"minecraft:sheep":8,"minecraft:zombie":3,"minecraft:villager":1},"minecraft:dropped":{"minecraft:bread":29,"minecraft:wheat_seeds":5,"minecraft:clock":1,"minecraft:cooked_porkchop":2,"minecraft:cobblestone":174,"minecraft:granite":22,"minecraft:oxeye_daisy":3,"minecraft:wooden_axe":1,"minecraft:pumpkin":1,"minecraft:birch_log":1,"minecraft:white_wool":4,"minecraft:dandelion":1,"minecraft:oak_door":1,"minecraft:stone_axe":1,"minecraft:cobbled_deepslate":320,"minecraft:stone_sword":1,"minecraft:cobblestone_wall":1,"minecraft:stone_shovel":4,"minecraft:chicken":6,"minecraft:rotten_flesh":1,"minecraft:light_gray_wool":1,"minecraft:oak_planks":56,"minecraft:cooked_mutton":13,"minecraft:azure_bluet":2,"minecraft:pumpkin_seeds":1,"minecraft:poppy":2,"minecraft:shield":2,"minecraft:spruce_planks":22,"minecraft:oak_sapling":5,"minecraft:spruce_slab":1,"minecraft:spruce_log":10,"minecraft:wooden_pickaxe":3,"minecraft:stone_pickaxe":4},"minecraft:broken":{"minecraft:wooden_pickaxe":1,"minecraft:stone_pickaxe":5,"minecraft:stone_axe":2,"minecraft:iron_pickaxe":1},"minecraft:custom":{"minecraft:mob_kills":35,"minecraft:interact_with_crafting_table":40,"minecraft:leave_game":3,"minecraft:time_since_death":141559,"minecraft:sprint_one_cm":227727,"minecraft:walk_one_cm":761155,"minecraft:drop":87,"minecraft:talked_to_villager":123,"minecraft:play_time":254190,"minecraft:deaths":3,"minecraft:sneak_time":2417,"minecraft:walk_under_water_one_cm":26912,"minecraft:jump":2760,"minecraft:walk_on_water_one_cm":39270,"minecraft:total_world_time":254190,"minecraft:interact_with_furnace":11,"minecraft:traded_with_villager":31,"minecraft:sleep_in_bed":10,"minecraft:time_since_rest":21505,"minecraft:damage_taken":2302,"minecraft:damage_dealt":4063,"minecraft:swim_one_cm":47094,"minecraft:fly_one_cm":139381,"minecraft:player_kills":1,"minecraft:open_chest":37,"minecraft:crouch_one_cm":7364,"minecraft:fall_one_cm":30328},"minecraft:mined":{"minecraft:attached_pumpkin_stem":2,"minecraft:tuff":2,"minecraft:spruce_planks":2,"minecraft:white_bed":2,"minecraft:cobblestone_stairs":1,"minecraft:dark_oak_log":2,"minecraft:spruce_trapdoor":4,"minecraft:granite":34,"minecraft:allium":4,"minecraft:grass_block":18,"minecraft:light_gray_bed":1,"minecraft:brown_mushroom_block":4,"minecraft:spruce_leaves":72,"minecraft:composter":4,"minecraft:oxeye_daisy":1,"minecraft:large_fern":2,"minecraft:carrots":11,"minecraft:iron_ore":9,"minecraft:fire":3,"minecraft:andesite":10,"minecraft:pumpkin":7,"minecraft:deepslate_lapis_ore":1,"minecraft:fletching_table":2,"minecraft:peony":9,"minecraft:bookshelf":6,"minecraft:potatoes":1,"minecraft:dirt_path":1,"minecraft:stone":622,"minecraft:spruce_slab":6,"minecraft:brown_mushroom":9,"minecraft:spruce_door":1,"minecraft:dandelion":4,"minecraft:crafting_table":4,"minecraft:torch":6,"minecraft:short_grass":123,"minecraft:poppy":2,"minecraft:chest":2,"minecraft:lectern":46,"minecraft:mushroom_stem":5,"minecraft:tall_grass":1,"minecraft:copper_ore":7,"minecraft:cobblestone":36,"minecraft:grindstone":1,"minecraft:sugar_cane":5,"minecraft:diorite":12,"minecraft:wall_torch":15,"minecraft:spruce_stairs":2,"minecraft:purple_bed":5,"minecraft:cobblestone_wall":2,"minecraft:birch_log":69,"minecraft:sweet_berry_bush":24,"minecraft:wheat":25,"minecraft:spruce_log":195,"minecraft:birch_leaves":13,"minecraft:pumpkin_stem":7,"minecraft:coal_ore":88,"minecraft:oak_log":37,"minecraft:gravel":33,"minecraft:dirt":28,"minecraft:netherrack":1,"minecraft:oak_leaves":9,"minecraft:deepslate":329,"minecraft:fern":1},"minecraft:picked_up":{"minecraft:wooden_axe":1,"minecraft:crafting_table":5,"minecraft:allium":1,"minecraft:wheat":14,"minecraft:azure_bluet":2,"minecraft:chicken":17,"minecraft:brown_mushroom":9,"minecraft:wooden_pickaxe":3,"minecraft:shield":3,"minecraft:cornflower":1,"minecraft:raw_copper":25,"minecraft:flint_and_steel":1,"minecraft:cobbled_deepslate":515,"minecraft:spruce_planks":1,"minecraft:beef":8,"minecraft:spruce_slab":6,"minecraft:iron_pickaxe":1,"minecraft:poppy":6,"minecraft:light_gray_wool":2,"minecraft:lectern":46,"minecraft:sugar_cane":24,"minecraft:chest":5,"minecraft:birch_sapling":6,"minecraft:spruce_trapdoor":3,"minecraft:egg":3,"minecraft:furnace":1,"minecraft:stick":106,"minecraft:raw_iron":9,"minecraft:oak_door":1,"minecraft:composter":4,"minecraft:torch":86,"minecraft:spruce_stairs":2,"minecraft:porkchop":19,"minecraft:cherry_log":20,"minecraft:diorite":12,"minecraft:carrot":36,"minecraft:golden_chestplate":1,"minecraft:stone_shovel":9,"minecraft:light_gray_bed":2,"minecraft:stone_sword":1,"minecraft:arrow":1,"minecraft:rotten_flesh":6,"minecraft:peony":9,"minecraft:gold_ingot":3,"minecraft:mutton":24,"minecraft:white_wool":11,"minecraft:cobblestone":854,"minecraft:oxeye_daisy":4,"minecraft:birch_log":126,"minecraft:feather":16,"minecraft:clock":2,"minecraft:andesite":10,"minecraft:salmon":1,"minecraft:leather":4,"minecraft:potato":12,"minecraft:flint":6,"minecraft:tuff":2,"minecraft:oak_log":54,"minecraft:cobblestone_wall":2,"minecraft:cobblestone_stairs":5,"minecraft:lapis_lazuli":4,"minecraft:dirt":79,"minecraft:cooked_mutton":6,"minecraft:bone":4,"minecraft:wheat_seeds":111,"minecraft:grindstone":1,"minecraft:iron_ingot":4,"minecraft:stone_pickaxe":5,"minecraft:fletching_table":2,"minecraft:oak_planks":13,"minecraft:iron_sword":1,"minecraft:book":36,"minecraft:cooked_porkchop":3,"minecraft:pumpkin":7,"minecraft:sweet_berries":60,"minecraft:dandelion":5,"minecraft:gravel":35,"minecraft:sand":10,"minecraft:spruce_sapling":34,"minecraft:ink_sac":12,"minecraft:white_bed":2,"minecraft:spruce_log":195,"minecraft:dark_oak_log":4,"minecraft:spruce_door":1,"minecraft:pumpkin_seeds":8,"minecraft:purple_bed":5,"minecraft:stone_axe":4,"minecraft:granite":37,"minecraft:cherry_sapling":14,"minecraft:bread":2,"minecraft:oak_sapling":11,"minecraft:netherrack":1,"minecraft:coal":133},"minecraft:crafted":{"minecraft:oak_planks":110,"minecraft:stone_shovel":1,"minecraft:furnace":1,"minecraft:cooked_mutton":12,"minecraft:bow":1,"minecraft:spruce_slab":6,"minecraft:stone_pickaxe":9,"minecraft:chest":1,"minecraft:dark_oak_planks":8,"minecraft:emerald":16,"minecraft:cooked_porkchop":7,"minecraft:crafting_table":5,"minecraft:spruce_planks":312,"minecraft:wooden_pickaxe":3,"minecraft:iron_sword":1,"minecraft:fletching_table":1,"minecraft:stone_axe":3,"minecraft:bread":84,"minecraft:shield":1,"minecraft:stick":522,"minecraft:wooden_axe":1,"minecraft:stone_sword":1,"minecraft:white_bed":1,"minecraft:torch":86}},"DataVersion":3953}