{"stats":{"minecraft:used":{"minecraft:chicken":1,"minecraft:poppy":1,"minecraft:wooden_pickaxe":24,"minecraft:dirt":6,"minecraft:mutton":2,"minecraft:crafting_table":1,"minecraft:dandelion":3},"minecraft:dropped":{"minecraft:wheat_seeds":5,"minecraft:wooden_pickaxe":1,"minecraft:dandelion":1},"minecraft:killed":{"minecraft:sheep":5,"minecraft:chicken":2},"minecraft:custom":{"minecraft:time_since_rest":20110,"minecraft:sprint_one_cm":8648,"minecraft:damage_taken":70,"minecraft:walk_one_cm":55861,"minecraft:mob_kills":7,"minecraft:drop":7,"minecraft:damage_dealt":465,"minecraft:swim_one_cm":6952,"minecraft:interact_with_crafting_table":1,"minecraft:fly_one_cm":2451,"minecraft:play_time":20110,"minecraft:sneak_time":19,"minecraft:walk_under_water_one_cm":380,"minecraft:jump":133,"minecraft:time_since_death":20110,"minecraft:walk_on_water_one_cm":1185,"minecraft:total_world_time":20110,"minecraft:fall_one_cm":894},"minecraft:mined":{"minecraft:dandelion":4,"minecraft:short_grass":109,"minecraft:grass_block":4,"minecraft:oak_log":5,"minecraft:poppy":1,"minecraft:dirt":2,"minecraft:gravel":8,"minecraft:stone":24,"minecraft:sugar_cane":1,"minecraft:oxeye_daisy":1,"minecraft:oak_leaves":5},"minecraft:picked_up":{"minecraft:feather":2,"minecraft:chicken":2,"minecraft:wooden_pickaxe":1,"minecraft:dandelion":4,"minecraft:gravel":8,"minecraft:oak_log":5,"minecraft:dirt":6,"minecraft:wheat_seeds":14,"minecraft:poppy":1,"minecraft:sugar_cane":4,"minecraft:mutton":7,"minecraft:white_wool":5,"minecraft:cobblestone":24,"minecraft:oxeye_daisy":1},"minecraft:crafted":{"minecraft:oak_planks":20,"minecraft:crafting_table":1,"minecraft:stick":12,"minecraft:wooden_pickaxe":1}},"DataVersion":3953}