{"stats":{"minecraft:used":{"minecraft:stone_sword":94,"minecraft:flint_and_steel":2,"minecraft:spruce_slab":11,"minecraft:stone_shovel":49,"minecraft:poppy":1,"minecraft:chest":5,"minecraft:iron_sword":9,"minecraft:torch":81,"minecraft:dirt":9,"minecraft:mutton":9,"minecraft:spruce_stairs":2,"minecraft:cobblestone_wall":1,"minecraft:carrot":11,"minecraft:golden_chestplate":1,"minecraft:wooden_axe":18,"minecraft:sweet_berries":38,"minecraft:oak_sapling":1,"minecraft:furnace":2,"minecraft:light_gray_bed":1,"minecraft:wheat_seeds":2,"minecraft:stone_pickaxe":646,"minecraft:composter":3,"minecraft:wooden_pickaxe":87,"minecraft:fletching_table":3,"minecraft:salmon":1,"minecraft:crafting_table":8,"minecraft:white_bed":2,"minecraft:chicken":2,"minecraft:iron_pickaxe":236,"minecraft:lectern":36,"minecraft:spruce_trapdoor":3,"minecraft:spruce_sapling":4,"minecraft:stone_axe":441,"minecraft:cobblestone":111,"minecraft:purple_bed":4,"minecraft:grindstone":1,"minecraft:cooked_porkchop":7,"minecraft:porkchop":5,"minecraft:birch_log":7,"minecraft:dandelion":3},"minecraft:killed_by":{"minecraft:creeper":1,"minecraft:iron_golem":1,"minecraft:skeleton":1},"minecraft:killed":{"minecraft:skeleton":1,"minecraft:chicken":12,"minecraft:pig":6,"minecraft:salmon":1,"minecraft:squid":3,"minecraft:sheep":7,"minecraft:zombie":3,"minecraft:villager":1},"minecraft:dropped":{"minecraft:wheat_seeds":5,"minecraft:clock":1,"minecraft:cooked_porkchop":2,"minecraft:cobblestone":174,"minecraft:granite":22,"minecraft:oxeye_daisy":3,"minecraft:wooden_axe":1,"minecraft:birch_log":1,"minecraft:white_wool":4,"minecraft:dandelion":1,"minecraft:oak_door":1,"minecraft:stone_axe":1,"minecraft:stone_sword":1,"minecraft:cobblestone_wall":1,"minecraft:stone_shovel":4,"minecraft:chicken":6,"minecraft:rotten_flesh":1,"minecraft:light_gray_wool":1,"minecraft:oak_planks":56,"minecraft:cooked_mutton":12,"minecraft:azure_bluet":2,"minecraft:pumpkin_seeds":1,"minecraft:poppy":2,"minecraft:shield":2,"minecraft:spruce_planks":22,"minecraft:oak_sapling":5,"minecraft:spruce_slab":1,"minecraft:spruce_log":10,"minecraft:wooden_pickaxe":3,"minecraft:stone_pickaxe":4},"minecraft:broken":{"minecraft:wooden_pickaxe":1,"minecraft:stone_pickaxe":3,"minecraft:stone_axe":2,"minecraft:iron_pickaxe":1},"minecraft:custom":{"minecraft:mob_kills":34,"minecraft:interact_with_crafting_table":39,"minecraft:leave_game":2,"minecraft:time_since_death":96721,"minecraft:sprint_one_cm":161808,"minecraft:walk_one_cm":640457,"minecraft:drop":74,"minecraft:talked_to_villager":94,"minecraft:play_time":209352,"minecraft:deaths":3,"minecraft:sneak_time":2051,"minecraft:walk_under_water_one_cm":26912,"minecraft:jump":1913,"minecraft:walk_on_water_one_cm":39270,"minecraft:total_world_time":209352,"minecraft:interact_with_furnace":11,"minecraft:traded_with_villager":7,"minecraft:sleep_in_bed":9,"minecraft:time_since_rest":43131,"minecraft:damage_taken":1962,"minecraft:damage_dealt":3974,"minecraft:swim_one_cm":47094,"minecraft:fly_one_cm":81732,"minecraft:player_kills":1,"minecraft:open_chest":32,"minecraft:crouch_one_cm":6045,"minecraft:fall_one_cm":20642},"minecraft:mined":{"minecraft:attached_pumpkin_stem":2,"minecraft:tuff":2,"minecraft:spruce_planks":2,"minecraft:white_bed":2,"minecraft:cobblestone_stairs":1,"minecraft:dark_oak_log":2,"minecraft:spruce_trapdoor":4,"minecraft:granite":34,"minecraft:grass_block":17,"minecraft:light_gray_bed":1,"minecraft:brown_mushroom_block":4,"minecraft:spruce_leaves":62,"minecraft:composter":3,"minecraft:oxeye_daisy":1,"minecraft:large_fern":2,"minecraft:iron_ore":9,"minecraft:fire":3,"minecraft:andesite":10,"minecraft:pumpkin":6,"minecraft:deepslate_lapis_ore":1,"minecraft:fletching_table":2,"minecraft:peony":9,"minecraft:bookshelf":6,"minecraft:potatoes":1,"minecraft:dirt_path":1,"minecraft:stone":622,"minecraft:spruce_slab":6,"minecraft:brown_mushroom":9,"minecraft:spruce_door":1,"minecraft:dandelion":4,"minecraft:crafting_table":4,"minecraft:torch":5,"minecraft:short_grass":122,"minecraft:poppy":2,"minecraft:chest":2,"minecraft:lectern":37,"minecraft:mushroom_stem":5,"minecraft:copper_ore":7,"minecraft:cobblestone":33,"minecraft:grindstone":1,"minecraft:sugar_cane":5,"minecraft:diorite":12,"minecraft:wall_torch":14,"minecraft:spruce_stairs":2,"minecraft:purple_bed":4,"minecraft:cobblestone_wall":2,"minecraft:birch_log":69,"minecraft:sweet_berry_bush":24,"minecraft:wheat":25,"minecraft:spruce_log":185,"minecraft:birch_leaves":13,"minecraft:pumpkin_stem":7,"minecraft:coal_ore":88,"minecraft:oak_log":37,"minecraft:gravel":33,"minecraft:dirt":22,"minecraft:netherrack":1,"minecraft:oak_leaves":9,"minecraft:deepslate":93,"minecraft:fern":1},"minecraft:picked_up":{"minecraft:wooden_axe":1,"minecraft:crafting_table":5,"minecraft:wheat":14,"minecraft:azure_bluet":2,"minecraft:chicken":17,"minecraft:brown_mushroom":9,"minecraft:wooden_pickaxe":3,"minecraft:shield":3,"minecraft:cornflower":1,"minecraft:raw_copper":25,"minecraft:flint_and_steel":1,"minecraft:cobbled_deepslate":93,"minecraft:spruce_planks":1,"minecraft:beef":8,"minecraft:spruce_slab":6,"minecraft:iron_pickaxe":1,"minecraft:poppy":6,"minecraft:light_gray_wool":2,"minecraft:lectern":37,"minecraft:sugar_cane":24,"minecraft:chest":5,"minecraft:birch_sapling":6,"minecraft:spruce_trapdoor":3,"minecraft:egg":3,"minecraft:furnace":1,"minecraft:stick":40,"minecraft:raw_iron":9,"minecraft:oak_door":1,"minecraft:composter":3,"minecraft:torch":84,"minecraft:spruce_stairs":2,"minecraft:porkchop":19,"minecraft:cherry_log":19,"minecraft:diorite":12,"minecraft:carrot":22,"minecraft:golden_chestplate":1,"minecraft:stone_shovel":9,"minecraft:light_gray_bed":2,"minecraft:stone_sword":1,"minecraft:arrow":1,"minecraft:rotten_flesh":6,"minecraft:peony":9,"minecraft:gold_ingot":3,"minecraft:mutton":22,"minecraft:white_wool":10,"minecraft:cobblestone":852,"minecraft:oxeye_daisy":4,"minecraft:birch_log":126,"minecraft:feather":16,"minecraft:clock":2,"minecraft:andesite":10,"minecraft:salmon":1,"minecraft:leather":4,"minecraft:potato":12,"minecraft:flint":6,"minecraft:tuff":2,"minecraft:oak_log":54,"minecraft:cobblestone_wall":2,"minecraft:cobblestone_stairs":5,"minecraft:lapis_lazuli":4,"minecraft:dirt":72,"minecraft:cooked_mutton":6,"minecraft:bone":4,"minecraft:wheat_seeds":111,"minecraft:grindstone":1,"minecraft:iron_ingot":4,"minecraft:stone_pickaxe":5,"minecraft:fletching_table":2,"minecraft:oak_planks":13,"minecraft:iron_sword":1,"minecraft:book":36,"minecraft:cooked_porkchop":3,"minecraft:pumpkin":6,"minecraft:sweet_berries":60,"minecraft:dandelion":5,"minecraft:gravel":35,"minecraft:sand":10,"minecraft:spruce_sapling":34,"minecraft:ink_sac":12,"minecraft:white_bed":2,"minecraft:spruce_log":185,"minecraft:dark_oak_log":4,"minecraft:spruce_door":1,"minecraft:pumpkin_seeds":8,"minecraft:purple_bed":4,"minecraft:stone_axe":4,"minecraft:granite":37,"minecraft:cherry_sapling":2,"minecraft:oak_sapling":11,"minecraft:netherrack":1,"minecraft:coal":133},"minecraft:crafted":{"minecraft:oak_planks":110,"minecraft:stone_shovel":1,"minecraft:furnace":1,"minecraft:cooked_mutton":12,"minecraft:bow":1,"minecraft:spruce_slab":6,"minecraft:stone_pickaxe":8,"minecraft:chest":1,"minecraft:dark_oak_planks":8,"minecraft:emerald":6,"minecraft:cooked_porkchop":7,"minecraft:crafting_table":5,"minecraft:spruce_planks":148,"minecraft:wooden_pickaxe":3,"minecraft:iron_sword":1,"minecraft:fletching_table":1,"minecraft:stone_axe":3,"minecraft:shield":1,"minecraft:stick":266,"minecraft:wooden_axe":1,"minecraft:stone_sword":1,"minecraft:white_bed":1,"minecraft:torch":22}},"DataVersion":3953}