{"stats":{"minecraft:used":{"minecraft:chicken":2,"minecraft:poppy":1,"minecraft:wooden_pickaxe":41,"minecraft:stone_axe":108,"minecraft:dirt":8,"minecraft:mutton":9,"minecraft:crafting_table":2,"minecraft:porkchop":1,"minecraft:white_bed":1,"minecraft:dandelion":3},"minecraft:dropped":{"minecraft:wheat_seeds":5,"minecraft:wooden_pickaxe":1,"minecraft:dandelion":1},"minecraft:killed":{"minecraft:sheep":6,"minecraft:skeleton":1,"minecraft:zombie":1,"minecraft:pig":4,"minecraft:chicken":3},"minecraft:custom":{"minecraft:time_since_rest":9431,"minecraft:sprint_one_cm":18475,"minecraft:damage_taken":255,"minecraft:walk_one_cm":104099,"minecraft:mob_kills":15,"minecraft:drop":7,"minecraft:damage_dealt":1204,"minecraft:swim_one_cm":7004,"minecraft:interact_with_crafting_table":4,"minecraft:fly_one_cm":6592,"minecraft:crouch_one_cm":66,"minecraft:play_time":32110,"minecraft:sneak_time":59,"minecraft:walk_under_water_one_cm":3059,"minecraft:jump":256,"minecraft:time_since_death":32110,"minecraft:walk_on_water_one_cm":1769,"minecraft:sleep_in_bed":1,"minecraft:total_world_time":32110,"minecraft:fall_one_cm":3280},"minecraft:mined":{"minecraft:white_bed":1,"minecraft:birch_log":58,"minecraft:birch_leaves":5,"minecraft:dandelion":4,"minecraft:crafting_table":1,"minecraft:peony":9,"minecraft:short_grass":110,"minecraft:grass_block":6,"minecraft:oak_log":22,"minecraft:poppy":1,"minecraft:dirt":2,"minecraft:gravel":8,"minecraft:stone":41,"minecraft:sugar_cane":1,"minecraft:oxeye_daisy":1,"minecraft:oak_leaves":6},"minecraft:picked_up":{"minecraft:birch_log":58,"minecraft:crafting_table":1,"minecraft:feather":4,"minecraft:chicken":3,"minecraft:wooden_pickaxe":1,"minecraft:dandelion":4,"minecraft:gravel":8,"minecraft:porkchop":8,"minecraft:oak_log":22,"minecraft:white_bed":1,"minecraft:dirt":8,"minecraft:bone":2,"minecraft:arrow":1,"minecraft:rotten_flesh":2,"minecraft:peony":9,"minecraft:wheat_seeds":14,"minecraft:light_gray_wool":1,"minecraft:poppy":1,"minecraft:birch_sapling":3,"minecraft:oak_sapling":5,"minecraft:sugar_cane":4,"minecraft:mutton":9,"minecraft:egg":1,"minecraft:white_wool":5,"minecraft:cobblestone":41,"minecraft:oxeye_daisy":1},"minecraft:crafted":{"minecraft:oak_planks":20,"minecraft:crafting_table":2,"minecraft:stick":12,"minecraft:wooden_pickaxe":1,"minecraft:white_bed":1,"minecraft:stone_axe":1}},"DataVersion":3953}