{"stats":{"minecraft:used":{"minecraft:oak_fence":1,"minecraft:stone_sword":115,"minecraft:stone_shovel":41,"minecraft:spruce_planks":6,"minecraft:chest":2,"minecraft:shield":72,"minecraft:iron_sword":29,"minecraft:rotten_flesh":2,"minecraft:torch":216,"minecraft:dirt":26,"minecraft:carrot":11,"minecraft:tuff":3,"minecraft:spruce_boat":3,"minecraft:iron_axe":17,"minecraft:bamboo":12,"minecraft:beef":7,"minecraft:hay_block":9,"minecraft:sweet_berries":5,"minecraft:furnace":4,"minecraft:egg":1,"minecraft:cooked_beef":1,"minecraft:potato":13,"minecraft:cobbled_deepslate":10,"minecraft:cooked_mutton":5,"minecraft:water_bucket":6,"minecraft:stone_pickaxe":262,"minecraft:oak_planks":3,"minecraft:wooden_pickaxe":22,"minecraft:leather_chestplate":1,"minecraft:cherry_planks":22,"minecraft:composter":1,"minecraft:sand":1,"minecraft:rail":33,"minecraft:crafting_table":10,"minecraft:white_bed":1,"minecraft:spruce_log":4,"minecraft:bread":39,"minecraft:iron_pickaxe":139,"minecraft:spruce_sapling":10,"minecraft:gravel":6,"minecraft:stone_axe":75,"minecraft:pink_petals":2,"minecraft:cobblestone":231,"minecraft:andesite":3,"minecraft:bucket":8,"minecraft:yellow_bed":4},"minecraft:killed_by":{"minecraft:zombie_villager":1,"minecraft:creeper":2,"minecraft:warden":3,"minecraft:skeleton":1,"minecraft:zombie":7},"minecraft:killed":{"minecraft:spider":1,"minecraft:skeleton":4,"minecraft:pig":2,"minecraft:iron_golem":1,"minecraft:sheep":4,"minecraft:pillager":2,"minecraft:zombie":7,"minecraft:cow":8},"minecraft:dropped":{"minecraft:bread":14,"minecraft:iron_sword":1,"minecraft:wheat_seeds":1,"minecraft:torch":1,"minecraft:iron_pickaxe":4,"minecraft:cooked_mutton":1,"minecraft:shield":3,"minecraft:bow":1},"minecraft:broken":{"minecraft:stone_sword":1,"minecraft:stone_pickaxe":2},"minecraft:custom":{"minecraft:mob_kills":31,"minecraft:animals_bred":1,"minecraft:interact_with_crafting_table":32,"minecraft:bell_ring":7,"minecraft:leave_game":3,"minecraft:time_since_death":56477,"minecraft:climb_one_cm":912,"minecraft:sprint_one_cm":640034,"minecraft:damage_blocked_by_shield":4512,"minecraft:walk_one_cm":354020,"minecraft:drop":26,"minecraft:talked_to_villager":3,"minecraft:play_time":194274,"minecraft:deaths":14,"minecraft:sneak_time":13724,"minecraft:walk_under_water_one_cm":18259,"minecraft:boat_one_cm":101598,"minecraft:jump":3822,"minecraft:walk_on_water_one_cm":35651,"minecraft:total_world_time":194274,"minecraft:interact_with_furnace":46,"minecraft:sleep_in_bed":6,"minecraft:time_since_rest":39399,"minecraft:damage_taken":6088,"minecraft:damage_dealt":5876,"minecraft:swim_one_cm":88055,"minecraft:fly_one_cm":762417,"minecraft:open_chest":44,"minecraft:crouch_one_cm":32551,"minecraft:fall_one_cm":117070},"minecraft:mined":{"minecraft:spruce_planks":3,"minecraft:white_bed":2,"minecraft:cherry_log":19,"minecraft:glow_lichen":1,"minecraft:granite":4,"minecraft:grass_block":4,"minecraft:spruce_leaves":53,"minecraft:composter":2,"minecraft:oxeye_daisy":1,"minecraft:hay_block":33,"minecraft:redstone_ore":1,"minecraft:carrots":4,"minecraft:spruce_sapling":3,"minecraft:furnace":2,"minecraft:iron_ore":56,"minecraft:andesite":2,"minecraft:pumpkin":4,"minecraft:potatoes":4,"minecraft:dirt_path":2,"minecraft:rail":1,"minecraft:bamboo":2,"minecraft:stone":216,"minecraft:glass_pane":1,"minecraft:cherry_planks":5,"minecraft:dandelion":5,"minecraft:powder_snow":19,"minecraft:oak_fence":1,"minecraft:crafting_table":9,"minecraft:torch":59,"minecraft:short_grass":69,"minecraft:emerald_ore":1,"minecraft:poppy":1,"minecraft:chest":1,"minecraft:sculk_sensor":2,"minecraft:cobblestone":47,"minecraft:lapis_ore":5,"minecraft:sugar_cane":1,"minecraft:oak_planks":7,"minecraft:sculk":1,"minecraft:wall_torch":16,"minecraft:pink_petals":14,"minecraft:white_terracotta":3,"minecraft:wheat":1,"minecraft:sweet_berry_bush":4,"minecraft:spruce_log":28,"minecraft:birch_leaves":2,"minecraft:yellow_bed":8,"minecraft:coal_ore":82,"minecraft:oak_log":10,"minecraft:cherry_leaves":1,"minecraft:gravel":6,"minecraft:sand":41,"minecraft:dirt":23,"minecraft:oak_leaves":43,"minecraft:fern":1},"minecraft:picked_up":{"minecraft:crafting_table":13,"minecraft:ominous_bottle":1,"minecraft:shield":13,"minecraft:string":2,"minecraft:cobbled_deepslate":12,"minecraft:spruce_planks":3,"minecraft:beef":19,"minecraft:iron_pickaxe":10,"minecraft:poppy":2,"minecraft:light_gray_wool":1,"minecraft:chest":1,"minecraft:furnace":2,"minecraft:egg":1,"minecraft:stick":146,"minecraft:raw_iron":161,"minecraft:composter":2,"minecraft:oak_fence":1,"minecraft:torch":138,"minecraft:porkchop":4,"minecraft:cherry_log":76,"minecraft:carrot":13,"minecraft:redstone":6,"minecraft:stone_sword":5,"minecraft:arrow":13,"minecraft:stone_shovel":1,"minecraft:rotten_flesh":31,"minecraft:hay_block":93,"minecraft:white_terracotta":3,"minecraft:mutton":16,"minecraft:white_wool":1,"minecraft:cobblestone":493,"minecraft:rail":2,"minecraft:oxeye_daisy":1,"minecraft:pink_petals":12,"minecraft:leather_chestplate":6,"minecraft:cherry_planks":308,"minecraft:water_bucket":7,"minecraft:andesite":7,"minecraft:brown_wool":1,"minecraft:leather":5,"minecraft:potato":12,"minecraft:flint":6,"minecraft:tuff":9,"minecraft:oak_log":10,"minecraft:yellow_bed":8,"minecraft:lapis_lazuli":32,"minecraft:dirt":29,"minecraft:white_banner":1,"minecraft:cooked_mutton":1,"minecraft:bone":19,"minecraft:apple":14,"minecraft:bow":5,"minecraft:wheat_seeds":71,"minecraft:raw_gold":5,"minecraft:iron_ingot":5,"minecraft:stone_pickaxe":3,"minecraft:bamboo":12,"minecraft:oak_planks":13,"minecraft:iron_sword":1,"minecraft:pumpkin":4,"minecraft:sweet_berries":10,"minecraft:dandelion":3,"minecraft:gravel":6,"minecraft:sand":41,"minecraft:spruce_sapling":10,"minecraft:white_bed":2,"minecraft:spruce_log":28,"minecraft:spruce_boat":3,"minecraft:stone_axe":8,"minecraft:granite":4,"minecraft:gray_wool":1,"minecraft:bread":68,"minecraft:emerald":1,"minecraft:oak_sapling":3,"minecraft:coal":286},"minecraft:crafted":{"minecraft:cherry_planks":76,"minecraft:oak_planks":24,"minecraft:cobblestone_slab":6,"minecraft:stone_shovel":1,"minecraft:furnace":3,"minecraft:cooked_mutton":5,"minecraft:glass":40,"minecraft:cherry_trapdoor":4,"minecraft:iron_axe":1,"minecraft:stone_pickaxe":2,"minecraft:chest":1,"minecraft:spruce_boat":1,"minecraft:rail":32,"minecraft:cherry_fence":3,"minecraft:wheat":198,"minecraft:cooked_beef":1,"minecraft:crafting_table":3,"minecraft:spruce_planks":68,"minecraft:wooden_pickaxe":1,"minecraft:iron_sword":1,"minecraft:bucket":2,"minecraft:stone_axe":1,"minecraft:bread":66,"minecraft:air":0,"minecraft:shield":3,"minecraft:stick":100,"minecraft:iron_ingot":92,"minecraft:iron_pickaxe":3,"minecraft:stone_sword":2,"minecraft:gold_ingot":5,"minecraft:torch":136}},"DataVersion":3953}