{"stats":{"minecraft:used":{"minecraft:stone_sword":106,"minecraft:stone_shovel":41,"minecraft:chest":2,"minecraft:shield":72,"minecraft:torch":215,"minecraft:dirt":26,"minecraft:carrot":8,"minecraft:hay_block":9,"minecraft:furnace":4,"minecraft:egg":1,"minecraft:potato":1,"minecraft:water_bucket":4,"minecraft:stone_pickaxe":262,"minecraft:oak_planks":3,"minecraft:leather_chestplate":1,"minecraft:wooden_pickaxe":22,"minecraft:cherry_planks":9,"minecraft:composter":1,"minecraft:sand":1,"minecraft:rail":33,"minecraft:crafting_table":9,"minecraft:white_bed":1,"minecraft:bread":37,"minecraft:iron_pickaxe":138,"minecraft:spruce_sapling":6,"minecraft:gravel":3,"minecraft:stone_axe":75,"minecraft:cobblestone":184,"minecraft:andesite":3,"minecraft:bucket":5,"minecraft:yellow_bed":4},"minecraft:killed_by":{"minecraft:zombie_villager":1,"minecraft:creeper":2,"minecraft:skeleton":1,"minecraft:zombie":4},"minecraft:killed":{"minecraft:spider":1,"minecraft:skeleton":4,"minecraft:pig":1,"minecraft:iron_golem":1,"minecraft:sheep":3,"minecraft:pillager":2,"minecraft:zombie":7,"minecraft:cow":1},"minecraft:dropped":{"minecraft:bread":14,"minecraft:iron_sword":1,"minecraft:wheat_seeds":1,"minecraft:torch":1,"minecraft:iron_pickaxe":3,"minecraft:shield":3},"minecraft:broken":{"minecraft:stone_sword":1,"minecraft:stone_pickaxe":2},"minecraft:custom":{"minecraft:mob_kills":22,"minecraft:interact_with_crafting_table":24,"minecraft:bell_ring":7,"minecraft:leave_game":1,"minecraft:time_since_death":716,"minecraft:climb_one_cm":440,"minecraft:sprint_one_cm":419646,"minecraft:walk_one_cm":262990,"minecraft:damage_blocked_by_shield":4512,"minecraft:drop":23,"minecraft:talked_to_villager":3,"minecraft:play_time":129000,"minecraft:deaths":8,"minecraft:sneak_time":12658,"minecraft:walk_under_water_one_cm":12395,"minecraft:jump":2491,"minecraft:walk_on_water_one_cm":22021,"minecraft:total_world_time":129000,"minecraft:interact_with_furnace":20,"minecraft:sleep_in_bed":5,"minecraft:time_since_rest":463,"minecraft:damage_taken":3605,"minecraft:damage_dealt":4560,"minecraft:swim_one_cm":42781,"minecraft:fly_one_cm":494706,"minecraft:open_chest":28,"minecraft:crouch_one_cm":29711,"minecraft:fall_one_cm":72260},"minecraft:mined":{"minecraft:white_bed":2,"minecraft:cherry_log":19,"minecraft:glow_lichen":1,"minecraft:granite":4,"minecraft:grass_block":4,"minecraft:spruce_leaves":32,"minecraft:composter":2,"minecraft:oxeye_daisy":1,"minecraft:hay_block":33,"minecraft:redstone_ore":1,"minecraft:spruce_sapling":3,"minecraft:furnace":2,"minecraft:carrots":2,"minecraft:iron_ore":56,"minecraft:andesite":2,"minecraft:dirt_path":2,"minecraft:rail":1,"minecraft:stone":216,"minecraft:glass_pane":1,"minecraft:cherry_planks":5,"minecraft:dandelion":5,"minecraft:crafting_table":8,"minecraft:torch":59,"minecraft:short_grass":57,"minecraft:emerald_ore":1,"minecraft:poppy":1,"minecraft:chest":1,"minecraft:cobblestone":46,"minecraft:lapis_ore":5,"minecraft:oak_planks":7,"minecraft:sugar_cane":1,"minecraft:wall_torch":16,"minecraft:pink_petals":13,"minecraft:white_terracotta":3,"minecraft:wheat":1,"minecraft:spruce_log":6,"minecraft:yellow_bed":8,"minecraft:oak_log":6,"minecraft:coal_ore":82,"minecraft:cherry_leaves":1,"minecraft:gravel":4,"minecraft:sand":41,"minecraft:dirt":23},"minecraft:picked_up":{"minecraft:crafting_table":10,"minecraft:ominous_bottle":1,"minecraft:shield":8,"minecraft:string":2,"minecraft:cobbled_deepslate":1,"minecraft:beef":4,"minecraft:poppy":2,"minecraft:iron_pickaxe":6,"minecraft:light_gray_wool":1,"minecraft:chest":1,"minecraft:egg":1,"minecraft:furnace":2,"minecraft:raw_iron":116,"minecraft:stick":144,"minecraft:composter":2,"minecraft:torch":132,"minecraft:porkchop":3,"minecraft:cherry_log":76,"minecraft:carrot":8,"minecraft:stone_sword":2,"minecraft:arrow":3,"minecraft:rotten_flesh":9,"minecraft:stone_shovel":1,"minecraft:hay_block":93,"minecraft:white_terracotta":3,"minecraft:mutton":15,"minecraft:cobblestone":446,"minecraft:rail":2,"minecraft:oxeye_daisy":1,"minecraft:pink_petals":10,"minecraft:leather_chestplate":5,"minecraft:cherry_planks":148,"minecraft:water_bucket":6,"minecraft:andesite":7,"minecraft:brown_wool":1,"minecraft:flint":3,"minecraft:tuff":6,"minecraft:oak_log":6,"minecraft:yellow_bed":8,"minecraft:lapis_lazuli":32,"minecraft:dirt":29,"minecraft:white_banner":1,"minecraft:bone":19,"minecraft:apple":14,"minecraft:bow":4,"minecraft:wheat_seeds":35,"minecraft:iron_ingot":5,"minecraft:stone_pickaxe":3,"minecraft:iron_sword":1,"minecraft:oak_planks":13,"minecraft:dandelion":3,"minecraft:gravel":3,"minecraft:sand":41,"minecraft:spruce_sapling":6,"minecraft:white_bed":2,"minecraft:spruce_log":6,"minecraft:stone_axe":6,"minecraft:granite":4,"minecraft:gray_wool":1,"minecraft:bread":68,"minecraft:emerald":1,"minecraft:coal":232},"minecraft:crafted":{"minecraft:cherry_planks":76,"minecraft:oak_planks":24,"minecraft:cobblestone_slab":6,"minecraft:stone_shovel":1,"minecraft:furnace":3,"minecraft:glass":40,"minecraft:cherry_trapdoor":4,"minecraft:stone_pickaxe":2,"minecraft:chest":1,"minecraft:rail":32,"minecraft:cherry_fence":3,"minecraft:wheat":198,"minecraft:crafting_table":2,"minecraft:spruce_planks":24,"minecraft:wooden_pickaxe":1,"minecraft:bucket":1,"minecraft:stone_axe":1,"minecraft:bread":66,"minecraft:air":0,"minecraft:shield":2,"minecraft:stick":88,"minecraft:iron_ingot":48,"minecraft:iron_pickaxe":2,"minecraft:stone_sword":2,"minecraft:torch":136}},"DataVersion":3953}