{"stats":{"minecraft:used":{"minecraft:water_bucket":2,"minecraft:stone_sword":106,"minecraft:stone_shovel":41,"minecraft:stone_pickaxe":262,"minecraft:oak_planks":3,"minecraft:chest":1,"minecraft:wooden_pickaxe":22,"minecraft:shield":63,"minecraft:sand":1,"minecraft:torch":161,"minecraft:dirt":26,"minecraft:rail":33,"minecraft:crafting_table":8,"minecraft:carrot":8,"minecraft:bread":31,"minecraft:iron_pickaxe":73,"minecraft:spruce_sapling":6,"minecraft:stone_axe":59,"minecraft:cobblestone":126,"minecraft:hay_block":9,"minecraft:furnace":4,"minecraft:bucket":3,"minecraft:egg":1,"minecraft:yellow_bed":3,"minecraft:potato":1},"minecraft:killed_by":{"minecraft:zombie_villager":1,"minecraft:skeleton":1,"minecraft:zombie":1},"minecraft:killed":{"minecraft:pig":1,"minecraft:spider":1,"minecraft:iron_golem":1,"minecraft:sheep":3,"minecraft:skeleton":4,"minecraft:pillager":2,"minecraft:zombie":4,"minecraft:cow":1},"minecraft:dropped":{"minecraft:wheat_seeds":1,"minecraft:shield":1,"minecraft:torch":1},"minecraft:custom":{"minecraft:interact_with_furnace":15,"minecraft:mob_kills":18,"minecraft:interact_with_crafting_table":18,"minecraft:bell_ring":7,"minecraft:sleep_in_bed":3,"minecraft:time_since_death":57159,"minecraft:climb_one_cm":440,"minecraft:time_since_rest":3246,"minecraft:sprint_one_cm":368822,"minecraft:damage_taken":1915,"minecraft:walk_one_cm":206989,"minecraft:damage_blocked_by_shield":3887,"minecraft:drop":3,"minecraft:damage_dealt":4187,"minecraft:swim_one_cm":29652,"minecraft:talked_to_villager":3,"minecraft:fly_one_cm":433257,"minecraft:open_chest":17,"minecraft:crouch_one_cm":19113,"minecraft:play_time":93053,"minecraft:deaths":3,"minecraft:sneak_time":9458,"minecraft:walk_under_water_one_cm":3623,"minecraft:jump":2130,"minecraft:walk_on_water_one_cm":10352,"minecraft:total_world_time":93053,"minecraft:fall_one_cm":50402},"minecraft:broken":{"minecraft:stone_pickaxe":2,"minecraft:stone_sword":1},"minecraft:mined":{"minecraft:white_bed":1,"minecraft:glass_pane":1,"minecraft:cherry_log":19,"minecraft:dandelion":5,"minecraft:crafting_table":7,"minecraft:glow_lichen":1,"minecraft:torch":52,"minecraft:granite":4,"minecraft:short_grass":57,"minecraft:poppy":1,"minecraft:emerald_ore":1,"minecraft:grass_block":4,"minecraft:chest":1,"minecraft:cobblestone":13,"minecraft:spruce_leaves":32,"minecraft:lapis_ore":5,"minecraft:sugar_cane":1,"minecraft:oak_planks":7,"minecraft:oxeye_daisy":1,"minecraft:wall_torch":15,"minecraft:white_terracotta":3,"minecraft:pink_petals":13,"minecraft:hay_block":33,"minecraft:spruce_sapling":3,"minecraft:furnace":2,"minecraft:carrots":2,"minecraft:wheat":1,"minecraft:iron_ore":53,"minecraft:spruce_log":6,"minecraft:andesite":2,"minecraft:yellow_bed":5,"minecraft:coal_ore":80,"minecraft:oak_log":6,"minecraft:dirt_path":2,"minecraft:rail":1,"minecraft:cherry_leaves":1,"minecraft:sand":41,"minecraft:dirt":23,"minecraft:stone":190},"minecraft:picked_up":{"minecraft:pink_petals":10,"minecraft:crafting_table":9,"minecraft:leather_chestplate":2,"minecraft:ominous_bottle":1,"minecraft:water_bucket":3,"minecraft:andesite":2,"minecraft:brown_wool":1,"minecraft:oak_log":6,"minecraft:shield":4,"minecraft:yellow_bed":5,"minecraft:string":2,"minecraft:lapis_lazuli":32,"minecraft:dirt":29,"minecraft:white_banner":1,"minecraft:bone":18,"minecraft:apple":14,"minecraft:bow":4,"minecraft:wheat_seeds":8,"minecraft:iron_ingot":5,"minecraft:beef":4,"minecraft:stone_pickaxe":3,"minecraft:poppy":2,"minecraft:light_gray_wool":1,"minecraft:chest":1,"minecraft:oak_planks":13,"minecraft:egg":1,"minecraft:furnace":2,"minecraft:stick":20,"minecraft:raw_iron":95,"minecraft:torch":90,"minecraft:dandelion":3,"minecraft:sand":41,"minecraft:porkchop":3,"minecraft:cherry_log":76,"minecraft:spruce_sapling":6,"minecraft:white_bed":1,"minecraft:carrot":8,"minecraft:spruce_log":6,"minecraft:stone_sword":2,"minecraft:arrow":1,"minecraft:rotten_flesh":2,"minecraft:stone_axe":3,"minecraft:hay_block":93,"minecraft:granite":4,"minecraft:gray_wool":1,"minecraft:emerald":1,"minecraft:bread":9,"minecraft:white_terracotta":3,"minecraft:mutton":15,"minecraft:coal":159,"minecraft:rail":2,"minecraft:cobblestone":364,"minecraft:oxeye_daisy":1},"minecraft:crafted":{"minecraft:cherry_planks":76,"minecraft:oak_planks":24,"minecraft:stone_shovel":1,"minecraft:crafting_table":1,"minecraft:spruce_planks":24,"minecraft:wooden_pickaxe":1,"minecraft:furnace":3,"minecraft:bucket":1,"minecraft:stone_axe":1,"minecraft:bread":66,"minecraft:air":0,"minecraft:shield":2,"minecraft:stick":88,"minecraft:iron_ingot":48,"minecraft:iron_pickaxe":1,"minecraft:stone_pickaxe":2,"minecraft:stone_sword":1,"minecraft:rail":32,"minecraft:torch":96,"minecraft:wheat":198}},"DataVersion":3953}