{"stats":{"minecraft:used":{"minecraft:stone_sword":4,"minecraft:oak_planks":2,"minecraft:wooden_pickaxe":22,"minecraft:stone_axe":24,"minecraft:crafting_table":1},"minecraft:killed":{"minecraft:sheep":3,"minecraft:pig":1},"minecraft:custom":{"minecraft:time_since_rest":9053,"minecraft:sprint_one_cm":23441,"minecraft:damage_taken":9,"minecraft:walk_one_cm":11168,"minecraft:mob_kills":4,"minecraft:damage_dealt":355,"minecraft:talked_to_villager":1,"minecraft:interact_with_crafting_table":2,"minecraft:swim_one_cm":683,"minecraft:fly_one_cm":40357,"minecraft:crouch_one_cm":1912,"minecraft:play_time":9053,"minecraft:sneak_time":1455,"minecraft:walk_under_water_one_cm":1567,"minecraft:jump":214,"minecraft:time_since_death":9053,"minecraft:walk_on_water_one_cm":1099,"minecraft:total_world_time":9053,"minecraft:fall_one_cm":5192},"minecraft:mined":{"minecraft:cherry_log":19,"minecraft:yellow_bed":1,"minecraft:crafting_table":1,"minecraft:short_grass":7,"minecraft:grass_block":2,"minecraft:oak_log":6,"minecraft:coal_ore":10,"minecraft:cherry_leaves":1,"minecraft:stone":12,"minecraft:oak_planks":2,"minecraft:sugar_cane":1},"minecraft:picked_up":{"minecraft:crafting_table":1,"minecraft:brown_wool":1,"minecraft:porkchop":1,"minecraft:oak_log":6,"minecraft:cherry_log":19,"minecraft:yellow_bed":1,"minecraft:dirt":1,"minecraft:gray_wool":1,"minecraft:light_gray_wool":1,"minecraft:mutton":5,"minecraft:oak_planks":2,"minecraft:coal":10,"minecraft:cobblestone":12},"minecraft:crafted":{"minecraft:oak_planks":24,"minecraft:crafting_table":1,"minecraft:stick":16,"minecraft:wooden_pickaxe":1,"minecraft:stone_pickaxe":1,"minecraft:stone_sword":1,"minecraft:stone_axe":1}},"DataVersion":3953}