{"stats":{"minecraft:used":{"minecraft:stone_sword":105,"minecraft:stone_pickaxe":199,"minecraft:oak_planks":3,"minecraft:wooden_pickaxe":22,"minecraft:shield":51,"minecraft:torch":145,"minecraft:dirt":17,"minecraft:crafting_table":7,"minecraft:bread":19,"minecraft:iron_pickaxe":10,"minecraft:stone_axe":35,"minecraft:cobblestone":50,"minecraft:hay_block":9,"minecraft:furnace":2,"minecraft:bucket":1,"minecraft:yellow_bed":1},"minecraft:killed_by":{"minecraft:zombie_villager":1,"minecraft:skeleton":1,"minecraft:zombie":1},"minecraft:dropped":{"minecraft:shield":1,"minecraft:torch":1},"minecraft:killed":{"minecraft:pig":1,"minecraft:iron_golem":1,"minecraft:sheep":3,"minecraft:skeleton":4,"minecraft:zombie":4,"minecraft:cow":1},"minecraft:custom":{"minecraft:interact_with_furnace":5,"minecraft:mob_kills":14,"minecraft:interact_with_crafting_table":12,"minecraft:bell_ring":7,"minecraft:time_since_death":21159,"minecraft:climb_one_cm":440,"minecraft:time_since_rest":21188,"minecraft:sprint_one_cm":248134,"minecraft:damage_taken":1620,"minecraft:walk_one_cm":143314,"minecraft:damage_blocked_by_shield":3197,"minecraft:drop":2,"minecraft:damage_dealt":3183,"minecraft:swim_one_cm":26502,"minecraft:talked_to_villager":3,"minecraft:fly_one_cm":179341,"minecraft:open_chest":5,"minecraft:crouch_one_cm":11138,"minecraft:play_time":57053,"minecraft:deaths":3,"minecraft:sneak_time":6652,"minecraft:walk_under_water_one_cm":3027,"minecraft:jump":1175,"minecraft:walk_on_water_one_cm":7106,"minecraft:total_world_time":57053,"minecraft:fall_one_cm":31424},"minecraft:broken":{"minecraft:stone_pickaxe":1},"minecraft:mined":{"minecraft:glass_pane":1,"minecraft:cherry_log":19,"minecraft:dandelion":2,"minecraft:crafting_table":7,"minecraft:glow_lichen":1,"minecraft:torch":47,"minecraft:short_grass":14,"minecraft:emerald_ore":1,"minecraft:grass_block":2,"minecraft:cobblestone":11,"minecraft:lapis_ore":5,"minecraft:sugar_cane":1,"minecraft:oak_planks":6,"minecraft:wall_torch":15,"minecraft:hay_block":33,"minecraft:furnace":2,"minecraft:iron_ore":49,"minecraft:andesite":2,"minecraft:yellow_bed":2,"minecraft:coal_ore":58,"minecraft:oak_log":6,"minecraft:cherry_leaves":1,"minecraft:dirt":17,"minecraft:stone":99},"minecraft:picked_up":{"minecraft:crafting_table":9,"minecraft:leather_chestplate":2,"minecraft:water_bucket":3,"minecraft:andesite":2,"minecraft:brown_wool":1,"minecraft:oak_log":6,"minecraft:shield":4,"minecraft:yellow_bed":2,"minecraft:lapis_lazuli":32,"minecraft:dirt":19,"minecraft:bone":18,"minecraft:apple":14,"minecraft:bow":4,"minecraft:wheat_seeds":1,"minecraft:iron_ingot":5,"minecraft:beef":4,"minecraft:stone_pickaxe":3,"minecraft:poppy":1,"minecraft:light_gray_wool":1,"minecraft:oak_planks":12,"minecraft:furnace":2,"minecraft:stick":18,"minecraft:raw_iron":91,"minecraft:torch":85,"minecraft:porkchop":3,"minecraft:cherry_log":76,"minecraft:stone_sword":2,"minecraft:arrow":1,"minecraft:rotten_flesh":2,"minecraft:stone_axe":3,"minecraft:hay_block":93,"minecraft:gray_wool":1,"minecraft:emerald":1,"minecraft:bread":9,"minecraft:mutton":15,"minecraft:coal":137,"minecraft:cobblestone":271},"minecraft:crafted":{"minecraft:cherry_planks":76,"minecraft:oak_planks":24,"minecraft:crafting_table":1,"minecraft:wooden_pickaxe":1,"minecraft:furnace":1,"minecraft:bucket":1,"minecraft:stone_axe":1,"minecraft:bread":66,"minecraft:air":0,"minecraft:shield":2,"minecraft:stick":40,"minecraft:iron_ingot":8,"minecraft:iron_pickaxe":1,"minecraft:stone_pickaxe":2,"minecraft:stone_sword":1,"minecraft:torch":96,"minecraft:wheat":198}},"DataVersion":3953}