{"stats":{"minecraft:used":{"minecraft:stone_sword":91,"minecraft:stone_pickaxe":180,"minecraft:oak_planks":3,"minecraft:wooden_pickaxe":22,"minecraft:shield":37,"minecraft:torch":105,"minecraft:dirt":17,"minecraft:crafting_table":6,"minecraft:bread":13,"minecraft:stone_axe":33,"minecraft:cobblestone":30,"minecraft:hay_block":9,"minecraft:furnace":1,"minecraft:bucket":1,"minecraft:yellow_bed":1},"minecraft:killed_by":{"minecraft:zombie_villager":1,"minecraft:skeleton":1,"minecraft:zombie":1},"minecraft:killed":{"minecraft:pig":1,"minecraft:iron_golem":1,"minecraft:sheep":3,"minecraft:skeleton":2,"minecraft:zombie":3,"minecraft:cow":1},"minecraft:custom":{"minecraft:interact_with_furnace":1,"minecraft:mob_kills":11,"minecraft:interact_with_crafting_table":6,"minecraft:bell_ring":7,"minecraft:time_since_death":9159,"minecraft:climb_one_cm":440,"minecraft:time_since_rest":9188,"minecraft:sprint_one_cm":170207,"minecraft:damage_taken":1244,"minecraft:walk_one_cm":111802,"minecraft:damage_blocked_by_shield":2342,"minecraft:damage_dealt":2593,"minecraft:swim_one_cm":26502,"minecraft:talked_to_villager":3,"minecraft:fly_one_cm":148971,"minecraft:open_chest":5,"minecraft:crouch_one_cm":9597,"minecraft:play_time":45053,"minecraft:deaths":3,"minecraft:sneak_time":5919,"minecraft:walk_under_water_one_cm":3027,"minecraft:jump":952,"minecraft:walk_on_water_one_cm":7106,"minecraft:total_world_time":45053,"minecraft:fall_one_cm":28331},"minecraft:broken":{"minecraft:stone_pickaxe":1},"minecraft:mined":{"minecraft:glass_pane":1,"minecraft:cherry_log":19,"minecraft:dandelion":2,"minecraft:crafting_table":6,"minecraft:glow_lichen":1,"minecraft:torch":36,"minecraft:short_grass":14,"minecraft:grass_block":2,"minecraft:cobblestone":4,"minecraft:sugar_cane":1,"minecraft:oak_planks":6,"minecraft:wall_torch":14,"minecraft:hay_block":33,"minecraft:furnace":1,"minecraft:iron_ore":39,"minecraft:andesite":2,"minecraft:yellow_bed":2,"minecraft:coal_ore":55,"minecraft:oak_log":6,"minecraft:cherry_leaves":1,"minecraft:dirt":17,"minecraft:stone":97},"minecraft:picked_up":{"minecraft:crafting_table":8,"minecraft:leather_chestplate":2,"minecraft:water_bucket":3,"minecraft:andesite":2,"minecraft:brown_wool":1,"minecraft:oak_log":6,"minecraft:shield":3,"minecraft:yellow_bed":2,"minecraft:dirt":19,"minecraft:bone":14,"minecraft:apple":14,"minecraft:bow":4,"minecraft:wheat_seeds":1,"minecraft:iron_ingot":4,"minecraft:beef":4,"minecraft:stone_pickaxe":3,"minecraft:poppy":1,"minecraft:light_gray_wool":1,"minecraft:oak_planks":12,"minecraft:furnace":1,"minecraft:stick":18,"minecraft:raw_iron":51,"minecraft:torch":72,"minecraft:porkchop":3,"minecraft:cherry_log":76,"minecraft:stone_sword":2,"minecraft:rotten_flesh":2,"minecraft:stone_axe":3,"minecraft:hay_block":93,"minecraft:gray_wool":1,"minecraft:bread":9,"minecraft:mutton":15,"minecraft:coal":100,"minecraft:cobblestone":256},"minecraft:crafted":{"minecraft:oak_planks":24,"minecraft:crafting_table":1,"minecraft:wooden_pickaxe":1,"minecraft:furnace":1,"minecraft:bucket":1,"minecraft:stone_axe":1,"minecraft:shield":1,"minecraft:stick":28,"minecraft:stone_pickaxe":2,"minecraft:stone_sword":1,"minecraft:torch":76}},"DataVersion":3953}