{"stats":{"minecraft:used":{"minecraft:stone_axe":19,"minecraft:crafting_table":1,"minecraft:stone_pickaxe":15,"minecraft:wooden_pickaxe":10},"minecraft:custom":{"minecraft:time_since_rest":9678,"minecraft:play_time":9678,"minecraft:sprint_one_cm":13186,"minecraft:walk_one_cm":5000,"minecraft:jump":73,"minecraft:time_since_death":9678,"minecraft:total_world_time":9678,"minecraft:interact_with_crafting_table":3,"minecraft:fall_one_cm":1790,"minecraft:fly_one_cm":14237},"minecraft:mined":{"minecraft:short_grass":7,"minecraft:oak_log":20,"minecraft:stone":25,"minecraft:oak_leaves":7,"minecraft:crafting_table":1},"minecraft:picked_up":{"minecraft:crafting_table":1,"minecraft:oak_log":20,"minecraft:oak_sapling":1,"minecraft:cobblestone":25},"minecraft:crafted":{"minecraft:stone_sword":1,"minecraft:oak_planks":20,"minecraft:crafting_table":1,"minecraft:stone_axe":1,"minecraft:stick":8,"minecraft:wooden_pickaxe":1,"minecraft:stone_pickaxe":1}},"DataVersion":3953}