{"stats":{"minecraft:used":{"minecraft:stone_sword":5,"minecraft:stone_pickaxe":56,"minecraft:oak_planks":4,"minecraft:wooden_pickaxe":11,"minecraft:shield":5,"minecraft:cooked_chicken":2,"minecraft:rotten_flesh":2,"minecraft:torch":1,"minecraft:dirt":14,"minecraft:rail":2,"minecraft:iron_pickaxe":69,"minecraft:wooden_sword":20,"minecraft:cobblestone":1,"minecraft:cooked_porkchop":3,"minecraft:andesite":6},"minecraft:killed_by":{"minecraft:skeleton":3,"minecraft:zombie":1},"minecraft:killed":{"minecraft:sheep":3,"minecraft:zombie":4,"minecraft:chicken":1},"minecraft:dropped":{"minecraft:iron_ingot":5,"minecraft:feather":1,"minecraft:coal":11},"minecraft:custom":{"minecraft:interact_with_furnace":27,"minecraft:mob_kills":9,"minecraft:interact_with_crafting_table":11,"minecraft:leave_game":1,"minecraft:time_since_death":16156,"minecraft:time_since_rest":16216,"minecraft:sprint_one_cm":265041,"minecraft:damage_taken":1856,"minecraft:walk_one_cm":85938,"minecraft:damage_blocked_by_shield":523,"minecraft:drop":3,"minecraft:damage_dealt":1186,"minecraft:swim_one_cm":152,"minecraft:fly_one_cm":166384,"minecraft:crouch_one_cm":20796,"minecraft:play_time":50214,"minecraft:deaths":6,"minecraft:sneak_time":8780,"minecraft:walk_under_water_one_cm":441,"minecraft:jump":850,"minecraft:walk_on_water_one_cm":1764,"minecraft:total_world_time":50214,"minecraft:fall_one_cm":40808},"minecraft:mined":{"minecraft:granite":3,"minecraft:short_grass":17,"minecraft:emerald_ore":1,"minecraft:grass_block":6,"minecraft:copper_ore":3,"minecraft:oak_planks":13,"minecraft:diorite":1,"minecraft:spawner":1,"minecraft:iron_ore":39,"minecraft:andesite":6,"minecraft:deepslate_lapis_ore":2,"minecraft:oak_log":2,"minecraft:coal_ore":28,"minecraft:deepslate_iron_ore":7,"minecraft:rail":2,"minecraft:dirt":8,"minecraft:stone":35,"minecraft:gold_ore":8,"minecraft:oak_leaves":14,"minecraft:deepslate":2},"minecraft:picked_up":{"minecraft:feather":3,"minecraft:chicken":1,"minecraft:andesite":6,"minecraft:oak_log":2,"minecraft:shield":1,"minecraft:lapis_lazuli":18,"minecraft:dirt":23,"minecraft:raw_copper":11,"minecraft:wooden_sword":1,"minecraft:bone":1,"minecraft:wheat_seeds":4,"minecraft:cobbled_deepslate":2,"minecraft:raw_gold":8,"minecraft:iron_ingot":3,"minecraft:iron_pickaxe":1,"minecraft:oak_planks":21,"minecraft:stick":1,"minecraft:raw_iron":58,"minecraft:diorite":1,"minecraft:stone_sword":1,"minecraft:rotten_flesh":7,"minecraft:granite":3,"minecraft:emerald":1,"minecraft:mutton":5,"minecraft:coal":32,"minecraft:white_wool":3,"minecraft:rail":4,"minecraft:cobblestone":39},"minecraft:crafted":{"minecraft:wooden_sword":1,"minecraft:oak_planks":8,"minecraft:cooked_porkchop":6,"minecraft:iron_sword":1,"minecraft:iron_helmet":2,"minecraft:wooden_pickaxe":1,"minecraft:cooked_chicken":4,"minecraft:stone_axe":1,"minecraft:air":0,"minecraft:iron_boots":1,"minecraft:iron_chestplate":1,"minecraft:shield":1,"minecraft:stick":12,"minecraft:iron_ingot":37,"minecraft:iron_pickaxe":1,"minecraft:stone_pickaxe":1,"minecraft:stone_sword":1,"minecraft:iron_leggings":1}},"DataVersion":3953}