{"stats":{"minecraft:used":{"minecraft:golden_boots":1,"minecraft:stone_sword":5,"minecraft:stone_pickaxe":56,"minecraft:oak_planks":9,"minecraft:wooden_pickaxe":11,"minecraft:shield":15,"minecraft:iron_sword":90,"minecraft:diamond_axe":29,"minecraft:cooked_chicken":4,"minecraft:rotten_flesh":3,"minecraft:torch":11,"minecraft:dirt":16,"minecraft:mutton":7,"minecraft:rail":2,"minecraft:crafting_table":1,"minecraft:diamond_helmet":1,"minecraft:golden_shovel":33,"minecraft:tuff":2,"minecraft:diamond_pickaxe":418,"minecraft:bread":17,"minecraft:iron_pickaxe":131,"minecraft:fire_charge":1,"minecraft:wooden_sword":35,"minecraft:cobblestone":146,"minecraft:beef":3,"minecraft:cooked_porkchop":10,"minecraft:andesite":6,"minecraft:cobbled_deepslate":97},"minecraft:killed_by":{"minecraft:skeleton":3,"minecraft:zombie":1},"minecraft:killed":{"minecraft:pig":3,"minecraft:spider":1,"minecraft:iron_golem":1,"minecraft:skeleton":2,"minecraft:sheep":9,"minecraft:zombie":5,"minecraft:chicken":2,"minecraft:cow":6},"minecraft:dropped":{"minecraft:iron_ingot":5,"minecraft:bread":62,"minecraft:iron_sword":1,"minecraft:wheat_seeds":13,"minecraft:cobbled_deepslate":7,"minecraft:raw_copper":4,"minecraft:cobblestone":1,"minecraft:iron_helmet":1,"minecraft:feather":4,"minecraft:granite":2,"minecraft:carrot":1,"minecraft:coal":27,"minecraft:diorite":1,"minecraft:yellow_bed":1,"minecraft:arrow":2},"minecraft:broken":{"minecraft:golden_shovel":1},"minecraft:custom":{"minecraft:interact_with_furnace":27,"minecraft:mob_kills":30,"minecraft:interact_with_crafting_table":19,"minecraft:leave_game":1,"minecraft:time_since_death":118156,"minecraft:climb_one_cm":1808,"minecraft:time_since_rest":118216,"minecraft:sprint_one_cm":721916,"minecraft:damage_taken":2792,"minecraft:walk_one_cm":208017,"minecraft:damage_blocked_by_shield":1358,"minecraft:drop":24,"minecraft:damage_dealt":4416,"minecraft:swim_one_cm":70055,"minecraft:fly_one_cm":564795,"minecraft:open_chest":18,"minecraft:crouch_one_cm":43838,"minecraft:play_time":152214,"minecraft:deaths":6,"minecraft:sneak_time":19254,"minecraft:walk_under_water_one_cm":25541,"minecraft:boat_one_cm":224523,"minecraft:jump":3240,"minecraft:walk_on_water_one_cm":37881,"minecraft:total_world_time":152214,"minecraft:fall_one_cm":105741},"minecraft:mined":{"minecraft:tuff":32,"minecraft:deepslate_diamond_ore":51,"minecraft:crafting_table":1,"minecraft:granite":4,"minecraft:short_grass":40,"minecraft:emerald_ore":2,"minecraft:grass_block":29,"minecraft:dead_bush":1,"minecraft:copper_ore":6,"minecraft:cobblestone":2,"minecraft:deepslate_gold_ore":2,"minecraft:oak_planks":14,"minecraft:diorite":1,"minecraft:wall_torch":1,"minecraft:spawner":1,"minecraft:seagrass":1,"minecraft:hay_block":42,"minecraft:furnace":4,"minecraft:carrots":3,"minecraft:fire":1,"minecraft:iron_ore":39,"minecraft:wheat":17,"minecraft:andesite":6,"minecraft:deepslate_lapis_ore":2,"minecraft:yellow_bed":3,"minecraft:pointed_dripstone":4,"minecraft:potatoes":3,"minecraft:oak_log":2,"minecraft:coal_ore":28,"minecraft:deepslate_iron_ore":7,"minecraft:rail":2,"minecraft:sunflower":4,"minecraft:gravel":2,"minecraft:dirt":22,"minecraft:stone":173,"minecraft:gold_ore":8,"minecraft:oak_leaves":14,"minecraft:deepslate":243},"minecraft:picked_up":{"minecraft:crafting_table":1,"minecraft:feather":5,"minecraft:chicken":2,"minecraft:andesite":6,"minecraft:leather":7,"minecraft:potato":3,"minecraft:tuff":25,"minecraft:oak_log":2,"minecraft:yellow_bed":3,"minecraft:shield":2,"minecraft:lapis_lazuli":18,"minecraft:dirt":53,"minecraft:raw_copper":15,"minecraft:wooden_sword":1,"minecraft:bone":1,"minecraft:wheat_seeds":21,"minecraft:cobbled_deepslate":104,"minecraft:raw_gold":10,"minecraft:beef":12,"minecraft:iron_ingot":8,"minecraft:oak_boat":1,"minecraft:iron_pickaxe":1,"minecraft:iron_sword":1,"minecraft:oak_planks":23,"minecraft:furnace":3,"minecraft:stick":20,"minecraft:raw_iron":60,"minecraft:cooked_porkchop":7,"minecraft:porkchop":4,"minecraft:torch":1,"minecraft:dripstone_block":9,"minecraft:pointed_dripstone":5,"minecraft:diorite":1,"minecraft:carrot":4,"minecraft:diamond":54,"minecraft:arrow":3,"minecraft:stone_sword":1,"minecraft:rotten_flesh":7,"minecraft:hay_block":42,"minecraft:diamond_axe":1,"minecraft:granite":5,"minecraft:emerald":2,"minecraft:mutton":14,"minecraft:coal":64,"minecraft:white_wool":9,"minecraft:rail":4,"minecraft:cobblestone":177,"minecraft:sunflower":2},"minecraft:crafted":{"minecraft:wooden_sword":1,"minecraft:oak_planks":8,"minecraft:cooked_porkchop":6,"minecraft:iron_sword":1,"minecraft:iron_helmet":2,"minecraft:wooden_pickaxe":1,"minecraft:cooked_chicken":4,"minecraft:stone_axe":1,"minecraft:bread":126,"minecraft:air":0,"minecraft:diamond_helmet":2,"minecraft:diamond_leggings":2,"minecraft:iron_boots":1,"minecraft:iron_chestplate":1,"minecraft:diamond_pickaxe":1,"minecraft:shield":1,"minecraft:stick":16,"minecraft:iron_ingot":37,"minecraft:iron_pickaxe":1,"minecraft:stone_pickaxe":1,"minecraft:diamond_boots":2,"minecraft:stone_sword":1,"minecraft:iron_leggings":1,"minecraft:torch":16,"minecraft:diamond_chestplate":2,"minecraft:wheat":378}},"DataVersion":3953}