{"stats":{"minecraft:used":{"minecraft:stone_sword":5,"minecraft:stone_pickaxe":56,"minecraft:oak_planks":1,"minecraft:wooden_pickaxe":11,"minecraft:dirt":9,"minecraft:cooked_porkchop":2,"minecraft:andesite":6},"minecraft:killed_by":{"minecraft:skeleton":2,"minecraft:zombie":1},"minecraft:dropped":{"minecraft:coal":11},"minecraft:killed":{"minecraft:sheep":3,"minecraft:zombie":2,"minecraft:chicken":1},"minecraft:custom":{"minecraft:time_since_rest":2000,"minecraft:interact_with_furnace":5,"minecraft:sprint_one_cm":149773,"minecraft:damage_taken":1416,"minecraft:walk_one_cm":37695,"minecraft:mob_kills":7,"minecraft:drop":1,"minecraft:damage_dealt":724,"minecraft:interact_with_crafting_table":2,"minecraft:swim_one_cm":152,"minecraft:fly_one_cm":124072,"minecraft:crouch_one_cm":10146,"minecraft:play_time":26214,"minecraft:deaths":5,"minecraft:sneak_time":4878,"minecraft:walk_under_water_one_cm":441,"minecraft:jump":640,"minecraft:leave_game":1,"minecraft:time_since_death":1925,"minecraft:walk_on_water_one_cm":502,"minecraft:total_world_time":26214,"minecraft:fall_one_cm":32226},"minecraft:mined":{"minecraft:iron_ore":15,"minecraft:andesite":6,"minecraft:granite":3,"minecraft:short_grass":17,"minecraft:coal_ore":11,"minecraft:grass_block":6,"minecraft:oak_log":2,"minecraft:dirt":6,"minecraft:copper_ore":3,"minecraft:stone":29,"minecraft:oak_leaves":14},"minecraft:picked_up":{"minecraft:raw_iron":15,"minecraft:feather":1,"minecraft:chicken":1,"minecraft:andesite":6,"minecraft:oak_log":2,"minecraft:dirt":15,"minecraft:raw_copper":11,"minecraft:stone_sword":1,"minecraft:bone":1,"minecraft:rotten_flesh":2,"minecraft:wheat_seeds":2,"minecraft:granite":3,"minecraft:mutton":5,"minecraft:coal":15,"minecraft:white_wool":3,"minecraft:cobblestone":29},"minecraft:crafted":{"minecraft:oak_planks":8,"minecraft:cooked_porkchop":5,"minecraft:stick":8,"minecraft:wooden_pickaxe":1,"minecraft:stone_pickaxe":1,"minecraft:stone_sword":1,"minecraft:stone_axe":1,"minecraft:air":0}},"DataVersion":3953}