{"stats":{"minecraft:used":{"minecraft:stone_sword":5,"minecraft:stone_pickaxe":56,"minecraft:oak_planks":4,"minecraft:wooden_pickaxe":11,"minecraft:shield":9,"minecraft:iron_sword":10,"minecraft:cooked_chicken":4,"minecraft:rotten_flesh":2,"minecraft:torch":1,"minecraft:dirt":14,"minecraft:rail":2,"minecraft:crafting_table":1,"minecraft:bread":2,"minecraft:iron_pickaxe":130,"minecraft:wooden_sword":20,"minecraft:cobblestone":8,"minecraft:cooked_porkchop":3,"minecraft:andesite":6},"minecraft:killed_by":{"minecraft:skeleton":3,"minecraft:zombie":1},"minecraft:killed":{"minecraft:skeleton":1,"minecraft:sheep":3,"minecraft:zombie":5,"minecraft:chicken":1},"minecraft:dropped":{"minecraft:iron_ingot":5,"minecraft:iron_helmet":1,"minecraft:feather":1,"minecraft:coal":11},"minecraft:custom":{"minecraft:interact_with_furnace":27,"minecraft:mob_kills":11,"minecraft:interact_with_crafting_table":12,"minecraft:leave_game":1,"minecraft:time_since_death":28156,"minecraft:time_since_rest":28216,"minecraft:sprint_one_cm":297926,"minecraft:damage_taken":2041,"minecraft:walk_one_cm":104188,"minecraft:damage_blocked_by_shield":793,"minecraft:drop":4,"minecraft:damage_dealt":1519,"minecraft:swim_one_cm":25034,"minecraft:fly_one_cm":195007,"minecraft:crouch_one_cm":26183,"minecraft:play_time":62214,"minecraft:deaths":6,"minecraft:sneak_time":10873,"minecraft:walk_under_water_one_cm":9452,"minecraft:boat_one_cm":14206,"minecraft:jump":1037,"minecraft:walk_on_water_one_cm":15884,"minecraft:total_world_time":62214,"minecraft:fall_one_cm":45013},"minecraft:mined":{"minecraft:crafting_table":1,"minecraft:granite":4,"minecraft:short_grass":17,"minecraft:emerald_ore":1,"minecraft:grass_block":6,"minecraft:copper_ore":4,"minecraft:cobblestone":1,"minecraft:oak_planks":13,"minecraft:diorite":1,"minecraft:spawner":1,"minecraft:furnace":4,"minecraft:iron_ore":39,"minecraft:andesite":6,"minecraft:deepslate_lapis_ore":2,"minecraft:oak_log":2,"minecraft:coal_ore":28,"minecraft:deepslate_iron_ore":7,"minecraft:rail":2,"minecraft:dirt":8,"minecraft:stone":89,"minecraft:gold_ore":8,"minecraft:oak_leaves":14,"minecraft:deepslate":2},"minecraft:picked_up":{"minecraft:crafting_table":1,"minecraft:feather":3,"minecraft:chicken":1,"minecraft:andesite":6,"minecraft:tuff":2,"minecraft:oak_log":2,"minecraft:shield":1,"minecraft:lapis_lazuli":18,"minecraft:dirt":23,"minecraft:raw_copper":15,"minecraft:wooden_sword":1,"minecraft:bone":1,"minecraft:wheat_seeds":4,"minecraft:cobbled_deepslate":2,"minecraft:raw_gold":8,"minecraft:iron_ingot":5,"minecraft:iron_pickaxe":1,"minecraft:oak_planks":21,"minecraft:furnace":3,"minecraft:stick":1,"minecraft:raw_iron":60,"minecraft:cooked_porkchop":7,"minecraft:diorite":1,"minecraft:arrow":2,"minecraft:stone_sword":1,"minecraft:rotten_flesh":7,"minecraft:granite":4,"minecraft:emerald":1,"minecraft:mutton":5,"minecraft:coal":64,"minecraft:white_wool":3,"minecraft:rail":4,"minecraft:cobblestone":93},"minecraft:crafted":{"minecraft:wooden_sword":1,"minecraft:oak_planks":8,"minecraft:cooked_porkchop":6,"minecraft:iron_sword":1,"minecraft:iron_helmet":2,"minecraft:wooden_pickaxe":1,"minecraft:cooked_chicken":4,"minecraft:stone_axe":1,"minecraft:air":0,"minecraft:iron_boots":1,"minecraft:iron_chestplate":1,"minecraft:shield":1,"minecraft:stick":12,"minecraft:iron_ingot":37,"minecraft:iron_pickaxe":1,"minecraft:stone_pickaxe":1,"minecraft:stone_sword":1,"minecraft:iron_leggings":1}},"DataVersion":3953}