{"stats":{"minecraft:used":{"minecraft:stone_sword":5,"minecraft:stone_pickaxe":56,"minecraft:iron_pickaxe":20,"minecraft:oak_planks":2,"minecraft:shield":3,"minecraft:wooden_pickaxe":11,"minecraft:rail":2,"minecraft:rotten_flesh":2,"minecraft:cooked_chicken":1,"minecraft:wooden_sword":7,"minecraft:dirt":14,"minecraft:cobblestone":1,"minecraft:cooked_porkchop":2,"minecraft:andesite":6},"minecraft:killed_by":{"minecraft:skeleton":3,"minecraft:zombie":1},"minecraft:dropped":{"minecraft:feather":1,"minecraft:coal":11},"minecraft:killed":{"minecraft:sheep":3,"minecraft:zombie":2,"minecraft:chicken":1},"minecraft:custom":{"minecraft:time_since_rest":4216,"minecraft:interact_with_furnace":8,"minecraft:sprint_one_cm":222992,"minecraft:damage_taken":1766,"minecraft:walk_one_cm":59069,"minecraft:damage_blocked_by_shield":195,"minecraft:mob_kills":7,"minecraft:drop":2,"minecraft:damage_dealt":882,"minecraft:interact_with_crafting_table":6,"minecraft:swim_one_cm":152,"minecraft:fly_one_cm":152037,"minecraft:crouch_one_cm":16517,"minecraft:play_time":38214,"minecraft:deaths":6,"minecraft:sneak_time":7447,"minecraft:walk_under_water_one_cm":441,"minecraft:jump":762,"minecraft:leave_game":1,"minecraft:time_since_death":4156,"minecraft:walk_on_water_one_cm":1764,"minecraft:total_world_time":38214,"minecraft:fall_one_cm":40181},"minecraft:mined":{"minecraft:iron_ore":31,"minecraft:andesite":6,"minecraft:granite":3,"minecraft:short_grass":17,"minecraft:rail":2,"minecraft:coal_ore":11,"minecraft:grass_block":6,"minecraft:oak_log":2,"minecraft:dirt":8,"minecraft:copper_ore":3,"minecraft:stone":32,"minecraft:oak_planks":13,"minecraft:oak_leaves":14,"minecraft:spawner":1},"minecraft:picked_up":{"minecraft:stick":1,"minecraft:raw_iron":43,"minecraft:feather":3,"minecraft:chicken":1,"minecraft:andesite":6,"minecraft:oak_log":2,"minecraft:shield":1,"minecraft:dirt":23,"minecraft:raw_copper":11,"minecraft:wooden_sword":1,"minecraft:stone_sword":1,"minecraft:bone":1,"minecraft:rotten_flesh":4,"minecraft:wheat_seeds":4,"minecraft:iron_ingot":3,"minecraft:granite":3,"minecraft:iron_pickaxe":1,"minecraft:oak_planks":15,"minecraft:mutton":5,"minecraft:coal":15,"minecraft:rail":4,"minecraft:white_wool":3,"minecraft:cobblestone":33},"minecraft:crafted":{"minecraft:wooden_sword":1,"minecraft:oak_planks":8,"minecraft:cooked_porkchop":5,"minecraft:shield":1,"minecraft:stick":12,"minecraft:iron_ingot":6,"minecraft:cooked_chicken":1,"minecraft:wooden_pickaxe":1,"minecraft:iron_pickaxe":1,"minecraft:stone_pickaxe":1,"minecraft:stone_sword":1,"minecraft:stone_axe":1,"minecraft:air":0}},"DataVersion":3953}