{"stats":{"minecraft:used":{"minecraft:stone_sword":5,"minecraft:shield":16,"minecraft:iron_sword":90,"minecraft:rotten_flesh":3,"minecraft:cooked_chicken":4,"minecraft:torch":11,"minecraft:dirt":258,"minecraft:mutton":7,"minecraft:diamond_helmet":1,"minecraft:golden_shovel":33,"minecraft:tuff":2,"minecraft:beef":3,"minecraft:cobbled_deepslate":97,"minecraft:golden_boots":1,"minecraft:stone_pickaxe":56,"minecraft:oak_planks":9,"minecraft:wooden_pickaxe":11,"minecraft:diamond_axe":30,"minecraft:rail":2,"minecraft:crafting_table":1,"minecraft:diamond_pickaxe":418,"minecraft:diamond_shovel":316,"minecraft:bread":17,"minecraft:iron_pickaxe":131,"minecraft:fire_charge":1,"minecraft:wooden_sword":35,"minecraft:cobblestone":146,"minecraft:cooked_porkchop":10,"minecraft:andesite":6},"minecraft:killed_by":{"minecraft:skeleton":3,"minecraft:zombie":1},"minecraft:killed":{"minecraft:spider":1,"minecraft:skeleton":2,"minecraft:chicken":2,"minecraft:pig":3,"minecraft:iron_golem":1,"minecraft:sheep":9,"minecraft:zombie":5,"minecraft:cow":6},"minecraft:dropped":{"minecraft:iron_ingot":5,"minecraft:bread":62,"minecraft:iron_sword":1,"minecraft:wheat_seeds":13,"minecraft:feather":4,"minecraft:iron_helmet":1,"minecraft:cobblestone":1,"minecraft:granite":2,"minecraft:coal":27,"minecraft:diorite":1,"minecraft:cobbled_deepslate":7,"minecraft:raw_copper":4,"minecraft:diamond_shovel":1,"minecraft:carrot":1,"minecraft:yellow_bed":1,"minecraft:arrow":2},"minecraft:broken":{"minecraft:golden_shovel":1},"minecraft:custom":{"minecraft:mob_kills":30,"minecraft:interact_with_crafting_table":19,"minecraft:leave_game":1,"minecraft:time_since_death":130156,"minecraft:climb_one_cm":2010,"minecraft:sprint_one_cm":753643,"minecraft:walk_one_cm":253507,"minecraft:damage_blocked_by_shield":1388,"minecraft:drop":25,"minecraft:talked_to_villager":1,"minecraft:play_time":164214,"minecraft:deaths":6,"minecraft:sneak_time":21716,"minecraft:walk_under_water_one_cm":25541,"minecraft:boat_one_cm":224523,"minecraft:jump":3441,"minecraft:walk_on_water_one_cm":37881,"minecraft:total_world_time":164214,"minecraft:interact_with_furnace":27,"minecraft:time_since_rest":130216,"minecraft:damage_taken":2842,"minecraft:damage_dealt":4483,"minecraft:swim_one_cm":70055,"minecraft:fly_one_cm":607255,"minecraft:open_chest":18,"minecraft:crouch_one_cm":53887,"minecraft:fall_one_cm":113278},"minecraft:mined":{"minecraft:tuff":32,"minecraft:deepslate_diamond_ore":51,"minecraft:granite":4,"minecraft:grass_block":273,"minecraft:spawner":1,"minecraft:hay_block":42,"minecraft:furnace":4,"minecraft:carrots":3,"minecraft:iron_ore":39,"minecraft:fire":1,"minecraft:andesite":6,"minecraft:deepslate_lapis_ore":2,"minecraft:vine":2,"minecraft:potatoes":3,"minecraft:pointed_dripstone":4,"minecraft:dirt_path":9,"minecraft:deepslate_iron_ore":7,"minecraft:rail":2,"minecraft:stone":173,"minecraft:crafting_table":1,"minecraft:short_grass":51,"minecraft:emerald_ore":2,"minecraft:dead_bush":1,"minecraft:copper_ore":6,"minecraft:cobblestone":2,"minecraft:deepslate_gold_ore":2,"minecraft:oak_planks":14,"minecraft:diorite":1,"minecraft:wall_torch":1,"minecraft:seagrass":1,"minecraft:wheat":17,"minecraft:yellow_bed":3,"minecraft:coal_ore":28,"minecraft:oak_log":2,"minecraft:sunflower":4,"minecraft:gravel":2,"minecraft:dirt":83,"minecraft:gold_ore":8,"minecraft:oak_leaves":14,"minecraft:deepslate":243},"minecraft:picked_up":{"minecraft:crafting_table":1,"minecraft:chicken":2,"minecraft:shield":2,"minecraft:raw_copper":15,"minecraft:wooden_sword":1,"minecraft:cobbled_deepslate":104,"minecraft:beef":12,"minecraft:oak_boat":1,"minecraft:iron_pickaxe":1,"minecraft:furnace":3,"minecraft:raw_iron":60,"minecraft:stick":20,"minecraft:torch":1,"minecraft:porkchop":4,"minecraft:pointed_dripstone":5,"minecraft:diorite":1,"minecraft:carrot":4,"minecraft:stone_sword":1,"minecraft:arrow":3,"minecraft:rotten_flesh":7,"minecraft:hay_block":42,"minecraft:mutton":14,"minecraft:cobblestone":177,"minecraft:rail":4,"minecraft:white_wool":9,"minecraft:feather":5,"minecraft:andesite":6,"minecraft:leather":7,"minecraft:potato":3,"minecraft:tuff":25,"minecraft:oak_log":2,"minecraft:yellow_bed":3,"minecraft:lapis_lazuli":18,"minecraft:dirt":271,"minecraft:bone":1,"minecraft:wheat_seeds":28,"minecraft:raw_gold":10,"minecraft:iron_ingot":8,"minecraft:oak_planks":23,"minecraft:iron_sword":1,"minecraft:cooked_porkchop":7,"minecraft:dripstone_block":9,"minecraft:diamond_shovel":1,"minecraft:diamond":54,"minecraft:granite":5,"minecraft:diamond_axe":1,"minecraft:emerald":2,"minecraft:coal":64,"minecraft:sunflower":2},"minecraft:crafted":{"minecraft:wooden_sword":1,"minecraft:oak_planks":8,"minecraft:cooked_chicken":4,"minecraft:diamond_shovel":2,"minecraft:diamond_helmet":2,"minecraft:diamond_leggings":2,"minecraft:iron_boots":1,"minecraft:stone_pickaxe":1,"minecraft:diamond_boots":2,"minecraft:wheat":378,"minecraft:cooked_porkchop":6,"minecraft:wooden_pickaxe":1,"minecraft:iron_helmet":2,"minecraft:iron_sword":1,"minecraft:stone_axe":1,"minecraft:bread":126,"minecraft:air":0,"minecraft:iron_chestplate":1,"minecraft:diamond_pickaxe":1,"minecraft:shield":1,"minecraft:stick":16,"minecraft:iron_ingot":37,"minecraft:iron_pickaxe":1,"minecraft:stone_sword":1,"minecraft:iron_leggings":1,"minecraft:torch":16,"minecraft:diamond_chestplate":2}},"DataVersion":3953}