{"stats":{"minecraft:used":{"minecraft:stone_pickaxe":44,"minecraft:oak_planks":1,"minecraft:wooden_pickaxe":11,"minecraft:cooked_porkchop":2,"minecraft:andesite":4},"minecraft:dropped":{"minecraft:coal":11},"minecraft:killed":{"minecraft:sheep":3},"minecraft:custom":{"minecraft:time_since_rest":9032,"minecraft:interact_with_furnace":3,"minecraft:sprint_one_cm":67168,"minecraft:damage_taken":551,"minecraft:walk_one_cm":22823,"minecraft:mob_kills":4,"minecraft:drop":1,"minecraft:damage_dealt":307,"minecraft:interact_with_crafting_table":2,"minecraft:swim_one_cm":152,"minecraft:fly_one_cm":56180,"minecraft:crouch_one_cm":3716,"minecraft:play_time":14214,"minecraft:deaths":1,"minecraft:sneak_time":1637,"minecraft:walk_under_water_one_cm":441,"minecraft:jump":339,"minecraft:leave_game":1,"minecraft:time_since_death":8951,"minecraft:walk_on_water_one_cm":502,"minecraft:total_world_time":14214,"minecraft:fall_one_cm":12883},"minecraft:mined":{"minecraft:iron_ore":5,"minecraft:andesite":6,"minecraft:granite":1,"minecraft:short_grass":7,"minecraft:coal_ore":11,"minecraft:grass_block":1,"minecraft:oak_log":2,"minecraft:copper_ore":3,"minecraft:stone":29,"minecraft:oak_leaves":14},"minecraft:picked_up":{"minecraft:raw_iron":5,"minecraft:andesite":6,"minecraft:oak_log":2,"minecraft:dirt":1,"minecraft:raw_copper":11,"minecraft:granite":1,"minecraft:mutton":5,"minecraft:coal":11,"minecraft:white_wool":3,"minecraft:cobblestone":29},"minecraft:crafted":{"minecraft:oak_planks":8,"minecraft:cooked_porkchop":5,"minecraft:stick":8,"minecraft:wooden_pickaxe":1,"minecraft:stone_pickaxe":1,"minecraft:stone_sword":1,"minecraft:stone_axe":1,"minecraft:air":0}},"DataVersion":3953}