{"stats":{"minecraft:used":{"minecraft:stone_sword":5,"minecraft:chest":2,"minecraft:shield":20,"minecraft:iron_sword":90,"minecraft:rotten_flesh":3,"minecraft:cooked_chicken":4,"minecraft:torch":11,"minecraft:dirt":363,"minecraft:mutton":7,"minecraft:diamond_helmet":1,"minecraft:golden_shovel":33,"minecraft:tuff":2,"minecraft:beef":3,"minecraft:cobbled_deepslate":97,"minecraft:golden_boots":1,"minecraft:wheat_seeds":2,"minecraft:stone_pickaxe":56,"minecraft:oak_planks":105,"minecraft:wooden_pickaxe":11,"minecraft:sugar_cane":2,"minecraft:diamond_axe":421,"minecraft:white_wool":6,"minecraft:rail":2,"minecraft:crafting_table":1,"minecraft:white_bed":3,"minecraft:diamond_pickaxe":418,"minecraft:diamond_shovel":1056,"minecraft:melon_slice":19,"minecraft:bread":26,"minecraft:iron_pickaxe":131,"minecraft:fire_charge":1,"minecraft:wooden_sword":35,"minecraft:cobblestone":146,"minecraft:cooked_porkchop":10,"minecraft:birch_log":5,"minecraft:andesite":6},"minecraft:killed_by":{"minecraft:skeleton":3,"minecraft:zombie":1},"minecraft:killed":{"minecraft:spider":1,"minecraft:skeleton":3,"minecraft:chicken":2,"minecraft:pig":3,"minecraft:iron_golem":1,"minecraft:sheep":9,"minecraft:zombie":7,"minecraft:cow":8},"minecraft:dropped":{"minecraft:iron_ingot":5,"minecraft:bread":102,"minecraft:iron_sword":1,"minecraft:wheat_seeds":13,"minecraft:feather":4,"minecraft:iron_helmet":1,"minecraft:cobblestone":1,"minecraft:granite":2,"minecraft:coal":27,"minecraft:stick":1088,"minecraft:dirt":10,"minecraft:diorite":1,"minecraft:melon_slice":6,"minecraft:sand":2,"minecraft:sugar_cane":15,"minecraft:cobbled_deepslate":7,"minecraft:raw_copper":4,"minecraft:wheat":2,"minecraft:oak_planks":40,"minecraft:diamond_shovel":1,"minecraft:carrot":3,"minecraft:potato":6,"minecraft:jungle_log":1,"minecraft:yellow_bed":1,"minecraft:arrow":2},"minecraft:broken":{"minecraft:golden_shovel":1},"minecraft:custom":{"minecraft:mob_kills":35,"minecraft:interact_with_crafting_table":28,"minecraft:bell_ring":34,"minecraft:leave_game":1,"minecraft:time_since_death":202156,"minecraft:climb_one_cm":2728,"minecraft:sprint_one_cm":981431,"minecraft:walk_one_cm":412386,"minecraft:damage_blocked_by_shield":1603,"minecraft:drop":183,"minecraft:talked_to_villager":12,"minecraft:play_time":236214,"minecraft:deaths":6,"minecraft:sneak_time":27141,"minecraft:walk_under_water_one_cm":28252,"minecraft:boat_one_cm":224523,"minecraft:jump":4634,"minecraft:walk_on_water_one_cm":44437,"minecraft:total_world_time":236214,"minecraft:interact_with_furnace":27,"minecraft:traded_with_villager":18,"minecraft:sleep_in_bed":2,"minecraft:time_since_rest":8758,"minecraft:damage_taken":3130,"minecraft:damage_dealt":4913,"minecraft:swim_one_cm":99404,"minecraft:fly_one_cm":812340,"minecraft:open_chest":29,"minecraft:crouch_one_cm":68392,"minecraft:fall_one_cm":144876},"minecraft:mined":{"minecraft:tuff":32,"minecraft:white_bed":1,"minecraft:deepslate_diamond_ore":51,"minecraft:granite":4,"minecraft:grass_block":589,"minecraft:jungle_log":1,"minecraft:spawner":1,"minecraft:hay_block":43,"minecraft:furnace":4,"minecraft:carrots":4,"minecraft:iron_ore":39,"minecraft:fire":1,"minecraft:andesite":6,"minecraft:deepslate_lapis_ore":2,"minecraft:vine":2,"minecraft:potatoes":3,"minecraft:pointed_dripstone":4,"minecraft:dirt_path":33,"minecraft:deepslate_iron_ore":7,"minecraft:rail":2,"minecraft:stone":173,"minecraft:white_wool":6,"minecraft:crafting_table":1,"minecraft:short_grass":68,"minecraft:emerald_ore":2,"minecraft:melon":16,"minecraft:dead_bush":1,"minecraft:copper_ore":6,"minecraft:cobblestone":2,"minecraft:deepslate_gold_ore":2,"minecraft:sugar_cane":8,"minecraft:oak_planks":40,"minecraft:diorite":1,"minecraft:wall_torch":1,"minecraft:seagrass":1,"minecraft:birch_log":63,"minecraft:wheat":28,"minecraft:birch_leaves":8,"minecraft:yellow_bed":3,"minecraft:coal_ore":28,"minecraft:oak_log":216,"minecraft:sunflower":4,"minecraft:gravel":2,"minecraft:sand":2,"minecraft:dirt":476,"minecraft:gold_ore":8,"minecraft:fern":6,"minecraft:oak_leaves":51,"minecraft:deepslate":243},"minecraft:picked_up":{"minecraft:crafting_table":1,"minecraft:wheat":2,"minecraft:chicken":2,"minecraft:shield":2,"minecraft:raw_copper":15,"minecraft:wooden_sword":1,"minecraft:cobbled_deepslate":104,"minecraft:beef":17,"minecraft:oak_boat":1,"minecraft:iron_pickaxe":1,"minecraft:melon_slice":82,"minecraft:sugar_cane":17,"minecraft:birch_sapling":3,"minecraft:furnace":3,"minecraft:raw_iron":60,"minecraft:stick":362,"minecraft:torch":1,"minecraft:porkchop":4,"minecraft:pointed_dripstone":5,"minecraft:diorite":1,"minecraft:carrot":6,"minecraft:stone_sword":1,"minecraft:arrow":3,"minecraft:rotten_flesh":7,"minecraft:hay_block":42,"minecraft:mutton":14,"minecraft:cobblestone":177,"minecraft:rail":4,"minecraft:white_wool":15,"minecraft:birch_log":62,"minecraft:feather":5,"minecraft:water_bucket":1,"minecraft:jungle_log":2,"minecraft:andesite":6,"minecraft:leather":8,"minecraft:potato":6,"minecraft:tuff":25,"minecraft:oak_log":202,"minecraft:yellow_bed":3,"minecraft:lapis_lazuli":18,"minecraft:dirt":975,"minecraft:paper":1,"minecraft:bone":1,"minecraft:wheat_seeds":48,"minecraft:raw_gold":10,"minecraft:iron_ingot":8,"minecraft:oak_planks":130,"minecraft:iron_sword":1,"minecraft:cooked_porkchop":7,"minecraft:dripstone_block":9,"minecraft:sand":4,"minecraft:white_bed":1,"minecraft:diamond_shovel":1,"minecraft:diamond":54,"minecraft:granite":5,"minecraft:diamond_axe":1,"minecraft:bone_meal":9,"minecraft:emerald":2,"minecraft:oak_sapling":4,"minecraft:coal":64,"minecraft:sunflower":2},"minecraft:crafted":{"minecraft:wooden_sword":1,"minecraft:oak_planks":808,"minecraft:cooked_chicken":4,"minecraft:diamond_shovel":2,"minecraft:diamond_helmet":2,"minecraft:diamond_leggings":2,"minecraft:iron_boots":1,"minecraft:stone_pickaxe":1,"minecraft:chest":2,"minecraft:diamond_boots":2,"minecraft:wheat":378,"minecraft:emerald":18,"minecraft:cooked_porkchop":6,"minecraft:wooden_pickaxe":1,"minecraft:iron_helmet":2,"minecraft:iron_sword":1,"minecraft:birch_planks":212,"minecraft:stone_axe":1,"minecraft:bread":126,"minecraft:air":0,"minecraft:jungle_planks":420,"minecraft:iron_chestplate":1,"minecraft:diamond_pickaxe":1,"minecraft:shield":1,"minecraft:stick":2100,"minecraft:iron_ingot":37,"minecraft:iron_pickaxe":1,"minecraft:stone_sword":1,"minecraft:iron_leggings":1,"minecraft:white_bed":2,"minecraft:torch":16,"minecraft:diamond_chestplate":2}},"DataVersion":3953}