{"stats":{"minecraft:used":{"minecraft:golden_boots":1,"minecraft:stone_sword":5,"minecraft:stone_pickaxe":56,"minecraft:oak_planks":9,"minecraft:wooden_pickaxe":11,"minecraft:shield":15,"minecraft:iron_sword":90,"minecraft:cooked_chicken":4,"minecraft:rotten_flesh":3,"minecraft:torch":11,"minecraft:dirt":16,"minecraft:mutton":7,"minecraft:rail":2,"minecraft:crafting_table":1,"minecraft:tuff":2,"minecraft:diamond_pickaxe":414,"minecraft:bread":5,"minecraft:iron_pickaxe":131,"minecraft:wooden_sword":35,"minecraft:cobblestone":85,"minecraft:beef":3,"minecraft:cooked_porkchop":10,"minecraft:andesite":6,"minecraft:cobbled_deepslate":97},"minecraft:killed_by":{"minecraft:skeleton":3,"minecraft:zombie":1},"minecraft:killed":{"minecraft:spider":1,"minecraft:iron_golem":1,"minecraft:skeleton":2,"minecraft:sheep":8,"minecraft:zombie":5,"minecraft:chicken":2,"minecraft:cow":2},"minecraft:dropped":{"minecraft:iron_ingot":5,"minecraft:bread":62,"minecraft:iron_sword":1,"minecraft:cobbled_deepslate":7,"minecraft:raw_copper":4,"minecraft:cobblestone":1,"minecraft:iron_helmet":1,"minecraft:feather":4,"minecraft:granite":2,"minecraft:carrot":1,"minecraft:coal":27,"minecraft:diorite":1,"minecraft:yellow_bed":1,"minecraft:arrow":2},"minecraft:custom":{"minecraft:interact_with_furnace":27,"minecraft:mob_kills":22,"minecraft:interact_with_crafting_table":15,"minecraft:leave_game":1,"minecraft:time_since_death":88156,"minecraft:climb_one_cm":1450,"minecraft:time_since_rest":88216,"minecraft:sprint_one_cm":574331,"minecraft:damage_taken":2580,"minecraft:walk_one_cm":176635,"minecraft:damage_blocked_by_shield":1358,"minecraft:drop":23,"minecraft:damage_dealt":3508,"minecraft:swim_one_cm":49995,"minecraft:fly_one_cm":374808,"minecraft:open_chest":8,"minecraft:crouch_one_cm":42593,"minecraft:play_time":122214,"minecraft:deaths":6,"minecraft:sneak_time":18534,"minecraft:walk_under_water_one_cm":18030,"minecraft:boat_one_cm":128668,"minecraft:jump":2334,"minecraft:walk_on_water_one_cm":30551,"minecraft:total_world_time":122214,"minecraft:fall_one_cm":72617},"minecraft:mined":{"minecraft:tuff":32,"minecraft:deepslate_diamond_ore":51,"minecraft:crafting_table":1,"minecraft:granite":4,"minecraft:short_grass":26,"minecraft:emerald_ore":2,"minecraft:grass_block":6,"minecraft:dead_bush":1,"minecraft:copper_ore":6,"minecraft:cobblestone":2,"minecraft:deepslate_gold_ore":2,"minecraft:oak_planks":14,"minecraft:diorite":1,"minecraft:wall_torch":1,"minecraft:spawner":1,"minecraft:seagrass":1,"minecraft:hay_block":42,"minecraft:furnace":4,"minecraft:carrots":3,"minecraft:iron_ore":39,"minecraft:wheat":17,"minecraft:andesite":6,"minecraft:deepslate_lapis_ore":2,"minecraft:yellow_bed":2,"minecraft:pointed_dripstone":3,"minecraft:potatoes":3,"minecraft:oak_log":2,"minecraft:coal_ore":28,"minecraft:deepslate_iron_ore":7,"minecraft:rail":2,"minecraft:gravel":2,"minecraft:dirt":8,"minecraft:stone":170,"minecraft:gold_ore":8,"minecraft:oak_leaves":14,"minecraft:deepslate":243},"minecraft:picked_up":{"minecraft:crafting_table":1,"minecraft:feather":5,"minecraft:chicken":2,"minecraft:andesite":6,"minecraft:leather":1,"minecraft:potato":3,"minecraft:tuff":25,"minecraft:oak_log":2,"minecraft:yellow_bed":2,"minecraft:shield":1,"minecraft:lapis_lazuli":18,"minecraft:dirt":23,"minecraft:raw_copper":15,"minecraft:wooden_sword":1,"minecraft:bone":1,"minecraft:wheat_seeds":15,"minecraft:cobbled_deepslate":104,"minecraft:raw_gold":10,"minecraft:beef":3,"minecraft:iron_ingot":8,"minecraft:iron_pickaxe":1,"minecraft:iron_sword":1,"minecraft:oak_planks":23,"minecraft:furnace":3,"minecraft:stick":3,"minecraft:raw_iron":60,"minecraft:cooked_porkchop":7,"minecraft:torch":1,"minecraft:dripstone_block":9,"minecraft:pointed_dripstone":5,"minecraft:diorite":1,"minecraft:carrot":4,"minecraft:diamond":54,"minecraft:arrow":3,"minecraft:stone_sword":1,"minecraft:rotten_flesh":7,"minecraft:hay_block":42,"minecraft:granite":5,"minecraft:emerald":2,"minecraft:mutton":12,"minecraft:coal":64,"minecraft:white_wool":8,"minecraft:rail":4,"minecraft:cobblestone":173},"minecraft:crafted":{"minecraft:wooden_sword":1,"minecraft:oak_planks":8,"minecraft:cooked_porkchop":6,"minecraft:iron_sword":1,"minecraft:iron_helmet":2,"minecraft:wooden_pickaxe":1,"minecraft:cooked_chicken":4,"minecraft:stone_axe":1,"minecraft:bread":126,"minecraft:air":0,"minecraft:iron_boots":1,"minecraft:iron_chestplate":1,"minecraft:diamond_pickaxe":1,"minecraft:shield":1,"minecraft:stick":16,"minecraft:iron_ingot":37,"minecraft:iron_pickaxe":1,"minecraft:stone_pickaxe":1,"minecraft:stone_sword":1,"minecraft:iron_leggings":1,"minecraft:torch":16,"minecraft:wheat":378}},"DataVersion":3953}