{"stats":{"minecraft:killed":{"minecraft:sheep":3},"minecraft:custom":{"minecraft:jump":126,"minecraft:time_since_rest":4544,"minecraft:leave_game":1,"minecraft:damage_dealt":258,"minecraft:interact_with_furnace":1,"minecraft:sprint_one_cm":27316,"minecraft:play_time":4544,"minecraft:damage_taken":16,"minecraft:time_since_death":4544,"minecraft:walk_one_cm":8849,"minecraft:total_world_time":4544,"minecraft:mob_kills":3,"minecraft:fall_one_cm":2837,"minecraft:fly_one_cm":25147},"minecraft:mined":{"minecraft:short_grass":7,"minecraft:grass_block":1},"minecraft:picked_up":{"minecraft:mutton":5,"minecraft:dirt":1,"minecraft:white_wool":3}},"DataVersion":3953}