{"stats":{"minecraft:used":{"minecraft:golden_boots":1,"minecraft:stone_sword":5,"minecraft:stone_pickaxe":56,"minecraft:oak_planks":9,"minecraft:wooden_pickaxe":11,"minecraft:shield":9,"minecraft:iron_sword":90,"minecraft:cooked_chicken":4,"minecraft:rotten_flesh":3,"minecraft:torch":1,"minecraft:dirt":14,"minecraft:rail":2,"minecraft:crafting_table":1,"minecraft:tuff":2,"minecraft:bread":2,"minecraft:iron_pickaxe":131,"minecraft:wooden_sword":21,"minecraft:cobblestone":8,"minecraft:cooked_porkchop":8,"minecraft:andesite":6},"minecraft:killed_by":{"minecraft:skeleton":3,"minecraft:zombie":1},"minecraft:killed":{"minecraft:iron_golem":1,"minecraft:skeleton":1,"minecraft:sheep":8,"minecraft:zombie":5,"minecraft:chicken":2,"minecraft:cow":2},"minecraft:dropped":{"minecraft:iron_ingot":5,"minecraft:iron_sword":1,"minecraft:cobbled_deepslate":6,"minecraft:raw_copper":4,"minecraft:iron_helmet":1,"minecraft:feather":4,"minecraft:granite":2,"minecraft:carrot":1,"minecraft:coal":27,"minecraft:diorite":1,"minecraft:arrow":2},"minecraft:custom":{"minecraft:interact_with_furnace":27,"minecraft:mob_kills":20,"minecraft:interact_with_crafting_table":13,"minecraft:leave_game":1,"minecraft:time_since_death":52156,"minecraft:climb_one_cm":1450,"minecraft:time_since_rest":52216,"minecraft:sprint_one_cm":465620,"minecraft:damage_taken":2211,"minecraft:walk_one_cm":129848,"minecraft:damage_blocked_by_shield":793,"minecraft:drop":19,"minecraft:damage_dealt":3188,"minecraft:swim_one_cm":39512,"minecraft:fly_one_cm":291229,"minecraft:open_chest":8,"minecraft:crouch_one_cm":31581,"minecraft:play_time":86214,"minecraft:deaths":6,"minecraft:sneak_time":12689,"minecraft:walk_under_water_one_cm":10785,"minecraft:boat_one_cm":128668,"minecraft:jump":1608,"minecraft:walk_on_water_one_cm":19594,"minecraft:total_world_time":86214,"minecraft:fall_one_cm":58574},"minecraft:mined":{"minecraft:crafting_table":1,"minecraft:granite":4,"minecraft:short_grass":26,"minecraft:emerald_ore":2,"minecraft:grass_block":6,"minecraft:dead_bush":1,"minecraft:copper_ore":4,"minecraft:cobblestone":1,"minecraft:oak_planks":14,"minecraft:diorite":1,"minecraft:spawner":1,"minecraft:seagrass":1,"minecraft:hay_block":42,"minecraft:furnace":4,"minecraft:carrots":3,"minecraft:iron_ore":39,"minecraft:wheat":17,"minecraft:andesite":6,"minecraft:deepslate_lapis_ore":2,"minecraft:yellow_bed":1,"minecraft:potatoes":3,"minecraft:oak_log":2,"minecraft:coal_ore":28,"minecraft:deepslate_iron_ore":7,"minecraft:rail":2,"minecraft:dirt":8,"minecraft:stone":89,"minecraft:gold_ore":8,"minecraft:oak_leaves":14,"minecraft:deepslate":2},"minecraft:picked_up":{"minecraft:crafting_table":1,"minecraft:feather":5,"minecraft:chicken":2,"minecraft:andesite":6,"minecraft:leather":1,"minecraft:potato":3,"minecraft:tuff":2,"minecraft:oak_log":2,"minecraft:yellow_bed":1,"minecraft:shield":1,"minecraft:lapis_lazuli":18,"minecraft:dirt":23,"minecraft:raw_copper":15,"minecraft:wooden_sword":1,"minecraft:bone":1,"minecraft:wheat_seeds":15,"minecraft:cobbled_deepslate":6,"minecraft:raw_gold":8,"minecraft:beef":3,"minecraft:iron_ingot":8,"minecraft:iron_pickaxe":1,"minecraft:iron_sword":1,"minecraft:oak_planks":22,"minecraft:furnace":3,"minecraft:stick":3,"minecraft:raw_iron":60,"minecraft:cooked_porkchop":7,"minecraft:diorite":1,"minecraft:carrot":4,"minecraft:arrow":2,"minecraft:stone_sword":1,"minecraft:rotten_flesh":7,"minecraft:hay_block":42,"minecraft:granite":5,"minecraft:emerald":2,"minecraft:mutton":12,"minecraft:coal":64,"minecraft:white_wool":8,"minecraft:rail":4,"minecraft:cobblestone":93},"minecraft:crafted":{"minecraft:wooden_sword":1,"minecraft:oak_planks":8,"minecraft:cooked_porkchop":6,"minecraft:iron_sword":1,"minecraft:iron_helmet":2,"minecraft:wooden_pickaxe":1,"minecraft:cooked_chicken":4,"minecraft:stone_axe":1,"minecraft:air":0,"minecraft:iron_boots":1,"minecraft:iron_chestplate":1,"minecraft:shield":1,"minecraft:stick":12,"minecraft:iron_ingot":37,"minecraft:iron_pickaxe":1,"minecraft:stone_pickaxe":1,"minecraft:stone_sword":1,"minecraft:iron_leggings":1}},"DataVersion":3953}