{"stats":{"minecraft:used":{"minecraft:stone_sword":45,"minecraft:chest":3,"minecraft:shield":41,"minecraft:iron_sword":165,"minecraft:rotten_flesh":2,"minecraft:torch":180,"minecraft:dirt":159,"minecraft:golden_shovel":33,"minecraft:granite":13,"minecraft:iron_hoe":4,"minecraft:iron_axe":57,"minecraft:bow":1,"minecraft:furnace":8,"minecraft:cobbled_deepslate":42,"minecraft:pointed_dripstone":1,"minecraft:wheat_seeds":1,"minecraft:cooked_mutton":7,"minecraft:water_bucket":9,"minecraft:diorite":3,"minecraft:stone_pickaxe":155,"minecraft:oak_planks":29,"minecraft:wooden_pickaxe":41,"minecraft:white_wool":2,"minecraft:crafting_table":10,"minecraft:diamond_pickaxe":174,"minecraft:diamond_shovel":107,"minecraft:bread":23,"minecraft:iron_pickaxe":286,"minecraft:cobblestone":98,"minecraft:cooked_porkchop":16,"minecraft:bucket":10,"minecraft:andesite":1,"minecraft:yellow_bed":2,"minecraft:oak_boat":3},"minecraft:killed_by":{"minecraft:spider":1,"minecraft:enderman":1,"minecraft:zombie":4},"minecraft:killed":{"minecraft:spider":2,"minecraft:skeleton":6,"minecraft:chicken":4,"minecraft:pig":16,"minecraft:frog":1,"minecraft:sheep":9,"minecraft:zombie":8,"minecraft:enderman":1},"minecraft:dropped":{"minecraft:iron_ingot":3,"minecraft:wheat_seeds":21,"minecraft:diamond_axe":1,"minecraft:diamond":3,"minecraft:stick":17,"minecraft:lily_pad":11,"minecraft:stone_sword":1,"minecraft:pointed_dripstone":6,"minecraft:oak_planks":2,"minecraft:shield":2,"minecraft:bow":1,"minecraft:stone_pickaxe":1},"minecraft:broken":{"minecraft:golden_shovel":1,"minecraft:iron_pickaxe":1},"minecraft:custom":{"minecraft:mob_kills":47,"minecraft:interact_with_crafting_table":45,"minecraft:bell_ring":1,"minecraft:time_since_death":141687,"minecraft:climb_one_cm":2674,"minecraft:sprint_one_cm":569766,"minecraft:walk_one_cm":599636,"minecraft:damage_blocked_by_shield":2480,"minecraft:drop":38,"minecraft:talked_to_villager":4,"minecraft:play_time":196838,"minecraft:deaths":7,"minecraft:sneak_time":3379,"minecraft:walk_under_water_one_cm":32885,"minecraft:boat_one_cm":290412,"minecraft:jump":3578,"minecraft:walk_on_water_one_cm":35241,"minecraft:total_world_time":196838,"minecraft:interact_with_furnace":45,"minecraft:time_since_rest":141755,"minecraft:damage_taken":4168,"minecraft:damage_dealt":6607,"minecraft:swim_one_cm":19907,"minecraft:fly_one_cm":504765,"minecraft:open_chest":34,"minecraft:crouch_one_cm":6796,"minecraft:fall_one_cm":94129},"minecraft:mined":{"minecraft:tuff":27,"minecraft:deepslate_diamond_ore":15,"minecraft:granite":14,"minecraft:grass_block":79,"minecraft:hay_block":3,"minecraft:furnace":3,"minecraft:iron_ore":65,"minecraft:cobbled_deepslate":1,"minecraft:andesite":3,"minecraft:deepslate_lapis_ore":4,"minecraft:pointed_dripstone":2,"minecraft:dirt_path":15,"minecraft:deepslate_iron_ore":3,"minecraft:stone":160,"minecraft:white_wool":2,"minecraft:crafting_table":2,"minecraft:oak_fence":1,"minecraft:torch":1,"minecraft:short_grass":31,"minecraft:copper_ore":1,"minecraft:tall_grass":3,"minecraft:cobblestone":5,"minecraft:deepslate_gold_ore":3,"minecraft:oak_planks":8,"minecraft:diorite":5,"minecraft:seagrass":1,"minecraft:wheat":1,"minecraft:yellow_bed":1,"minecraft:oak_log":72,"minecraft:coal_ore":67,"minecraft:gravel":3,"minecraft:dripstone_block":5,"minecraft:dirt":112,"minecraft:cobweb":38,"minecraft:oak_leaves":13,"minecraft:deepslate":238},"minecraft:picked_up":{"minecraft:crafting_table":2,"minecraft:chicken":6,"minecraft:wooden_pickaxe":2,"minecraft:string":36,"minecraft:raw_copper":5,"minecraft:cobbled_deepslate":235,"minecraft:oak_boat":2,"minecraft:furnace":4,"minecraft:raw_iron":69,"minecraft:oak_fence":1,"minecraft:torch":13,"minecraft:porkchop":37,"minecraft:pointed_dripstone":11,"minecraft:diorite":5,"minecraft:stone_sword":2,"minecraft:arrow":2,"minecraft:rotten_flesh":6,"minecraft:hay_block":3,"minecraft:mutton":13,"minecraft:cobblestone":189,"minecraft:white_wool":15,"minecraft:feather":5,"minecraft:andesite":3,"minecraft:flint":1,"minecraft:tuff":27,"minecraft:oak_log":69,"minecraft:lily_pad":12,"minecraft:yellow_bed":2,"minecraft:lapis_lazuli":27,"minecraft:dirt":219,"minecraft:cooked_mutton":6,"minecraft:bone":8,"minecraft:apple":1,"minecraft:bow":2,"minecraft:wheat_seeds":28,"minecraft:raw_gold":3,"minecraft:stone_pickaxe":3,"minecraft:iron_ingot":5,"minecraft:oak_planks":60,"minecraft:dripstone_block":5,"minecraft:gravel":2,"minecraft:diamond":15,"minecraft:iron_helmet":1,"minecraft:granite":14,"minecraft:bread":62,"minecraft:coal":117,"minecraft:ender_pearl":1},"minecraft:crafted":{"minecraft:oak_planks":276,"minecraft:furnace":4,"minecraft:diamond_shovel":1,"minecraft:cooked_mutton":8,"minecraft:iron_boots":2,"minecraft:iron_axe":1,"minecraft:iron_hoe":1,"minecraft:stone_pickaxe":2,"minecraft:chest":3,"minecraft:wheat":27,"minecraft:cooked_porkchop":16,"minecraft:diamond_axe":2,"minecraft:crafting_table":8,"minecraft:wooden_pickaxe":2,"minecraft:baked_potato":21,"minecraft:iron_sword":2,"minecraft:bucket":1,"minecraft:bread":9,"minecraft:air":0,"minecraft:oak_boat":1,"minecraft:iron_chestplate":2,"minecraft:diamond_pickaxe":1,"minecraft:shield":3,"minecraft:stick":96,"minecraft:iron_ingot":52,"minecraft:iron_pickaxe":3,"minecraft:stone_sword":1,"minecraft:iron_leggings":1,"minecraft:torch":136}},"DataVersion":3953}