{"stats":{"minecraft:used":{"minecraft:wheat_seeds":1,"minecraft:cooked_mutton":7,"minecraft:water_bucket":6,"minecraft:diorite":3,"minecraft:stone_sword":45,"minecraft:stone_pickaxe":155,"minecraft:oak_planks":27,"minecraft:chest":1,"minecraft:shield":40,"minecraft:wooden_pickaxe":41,"minecraft:iron_sword":156,"minecraft:rotten_flesh":2,"minecraft:white_wool":2,"minecraft:torch":167,"minecraft:dirt":61,"minecraft:crafting_table":8,"minecraft:granite":13,"minecraft:iron_hoe":4,"minecraft:diamond_pickaxe":173,"minecraft:iron_axe":26,"minecraft:bread":12,"minecraft:iron_pickaxe":286,"minecraft:cobblestone":98,"minecraft:bow":1,"minecraft:furnace":8,"minecraft:cooked_porkchop":16,"minecraft:andesite":1,"minecraft:bucket":7,"minecraft:yellow_bed":2,"minecraft:oak_boat":2,"minecraft:cobbled_deepslate":27},"minecraft:killed_by":{"minecraft:spider":1,"minecraft:zombie":4,"minecraft:enderman":1},"minecraft:killed":{"minecraft:pig":16,"minecraft:spider":2,"minecraft:frog":1,"minecraft:sheep":9,"minecraft:skeleton":6,"minecraft:zombie":7,"minecraft:chicken":4,"minecraft:enderman":1},"minecraft:dropped":{"minecraft:iron_ingot":3,"minecraft:wheat_seeds":8,"minecraft:stone_sword":1,"minecraft:diamond":3,"minecraft:pointed_dripstone":2,"minecraft:oak_planks":1,"minecraft:bow":1,"minecraft:stone_pickaxe":1,"minecraft:lily_pad":11},"minecraft:broken":{"minecraft:iron_pickaxe":1},"minecraft:custom":{"minecraft:interact_with_furnace":45,"minecraft:mob_kills":46,"minecraft:interact_with_crafting_table":40,"minecraft:time_since_death":99687,"minecraft:climb_one_cm":1892,"minecraft:time_since_rest":99755,"minecraft:sprint_one_cm":445891,"minecraft:damage_taken":3950,"minecraft:walk_one_cm":486972,"minecraft:damage_blocked_by_shield":2383,"minecraft:drop":31,"minecraft:damage_dealt":6418,"minecraft:talked_to_villager":1,"minecraft:swim_one_cm":19907,"minecraft:fly_one_cm":358124,"minecraft:open_chest":20,"minecraft:crouch_one_cm":6796,"minecraft:play_time":154838,"minecraft:deaths":7,"minecraft:sneak_time":3379,"minecraft:walk_under_water_one_cm":25430,"minecraft:boat_one_cm":193457,"minecraft:jump":2616,"minecraft:walk_on_water_one_cm":26940,"minecraft:total_world_time":154838,"minecraft:fall_one_cm":67613},"minecraft:mined":{"minecraft:tuff":27,"minecraft:deepslate_diamond_ore":15,"minecraft:oak_fence":1,"minecraft:crafting_table":2,"minecraft:torch":1,"minecraft:granite":14,"minecraft:short_grass":25,"minecraft:grass_block":10,"minecraft:cobblestone":5,"minecraft:tall_grass":3,"minecraft:copper_ore":1,"minecraft:deepslate_gold_ore":3,"minecraft:oak_planks":7,"minecraft:diorite":5,"minecraft:seagrass":1,"minecraft:hay_block":3,"minecraft:furnace":3,"minecraft:iron_ore":65,"minecraft:wheat":1,"minecraft:andesite":3,"minecraft:yellow_bed":1,"minecraft:deepslate_lapis_ore":4,"minecraft:pointed_dripstone":2,"minecraft:coal_ore":67,"minecraft:oak_log":42,"minecraft:deepslate_iron_ore":3,"minecraft:gravel":3,"minecraft:dripstone_block":5,"minecraft:dirt":57,"minecraft:cobweb":38,"minecraft:stone":160,"minecraft:white_wool":2,"minecraft:oak_leaves":13,"minecraft:deepslate":238},"minecraft:picked_up":{"minecraft:crafting_table":2,"minecraft:feather":5,"minecraft:chicken":6,"minecraft:andesite":3,"minecraft:wooden_pickaxe":2,"minecraft:flint":1,"minecraft:tuff":27,"minecraft:oak_log":41,"minecraft:lily_pad":12,"minecraft:yellow_bed":2,"minecraft:lapis_lazuli":27,"minecraft:string":36,"minecraft:dirt":80,"minecraft:raw_copper":5,"minecraft:cooked_mutton":6,"minecraft:bone":8,"minecraft:apple":1,"minecraft:bow":2,"minecraft:raw_gold":3,"minecraft:wheat_seeds":14,"minecraft:cobbled_deepslate":235,"minecraft:iron_ingot":5,"minecraft:stone_pickaxe":3,"minecraft:oak_boat":2,"minecraft:oak_planks":58,"minecraft:furnace":4,"minecraft:raw_iron":69,"minecraft:oak_fence":1,"minecraft:dripstone_block":5,"minecraft:torch":13,"minecraft:gravel":2,"minecraft:porkchop":37,"minecraft:pointed_dripstone":6,"minecraft:diorite":5,"minecraft:stone_sword":2,"minecraft:arrow":2,"minecraft:rotten_flesh":6,"minecraft:diamond":15,"minecraft:hay_block":3,"minecraft:iron_helmet":1,"minecraft:granite":14,"minecraft:bread":62,"minecraft:mutton":13,"minecraft:coal":117,"minecraft:white_wool":15,"minecraft:cobblestone":189,"minecraft:ender_pearl":1},"minecraft:crafted":{"minecraft:oak_planks":164,"minecraft:cooked_porkchop":16,"minecraft:crafting_table":6,"minecraft:baked_potato":21,"minecraft:wooden_pickaxe":2,"minecraft:iron_sword":2,"minecraft:furnace":4,"minecraft:bucket":1,"minecraft:bread":9,"minecraft:cooked_mutton":8,"minecraft:air":0,"minecraft:oak_boat":1,"minecraft:diamond_pickaxe":1,"minecraft:iron_chestplate":2,"minecraft:iron_boots":2,"minecraft:shield":1,"minecraft:iron_axe":1,"minecraft:iron_hoe":1,"minecraft:stick":96,"minecraft:iron_ingot":52,"minecraft:iron_pickaxe":3,"minecraft:stone_pickaxe":2,"minecraft:stone_sword":1,"minecraft:chest":1,"minecraft:iron_leggings":1,"minecraft:torch":136,"minecraft:wheat":27}},"DataVersion":3953}