{"stats":{"minecraft:used":{"minecraft:stone_sword":45,"minecraft:chest":3,"minecraft:shield":49,"minecraft:iron_sword":165,"minecraft:rotten_flesh":2,"minecraft:torch":181,"minecraft:dirt":227,"minecraft:golden_shovel":33,"minecraft:granite":13,"minecraft:jungle_sapling":4,"minecraft:iron_hoe":4,"minecraft:iron_axe":57,"minecraft:bow":1,"minecraft:oak_sapling":1,"minecraft:furnace":8,"minecraft:cobbled_deepslate":75,"minecraft:pointed_dripstone":1,"minecraft:wheat_seeds":1,"minecraft:cooked_mutton":7,"minecraft:water_bucket":9,"minecraft:diorite":3,"minecraft:cartography_table":2,"minecraft:stone_pickaxe":155,"minecraft:oak_planks":46,"minecraft:wooden_pickaxe":41,"minecraft:composter":2,"minecraft:fletching_table":2,"minecraft:diamond_axe":152,"minecraft:sugar_cane":2,"minecraft:oak_leaves":14,"minecraft:white_wool":2,"minecraft:mossy_cobblestone":1,"minecraft:crafting_table":10,"minecraft:shears":436,"minecraft:diamond_pickaxe":194,"minecraft:diamond_shovel":189,"minecraft:bread":26,"minecraft:iron_pickaxe":286,"minecraft:lectern":3,"minecraft:gravel":31,"minecraft:cobblestone":105,"minecraft:cobbled_deepslate_slab":25,"minecraft:cooked_porkchop":16,"minecraft:bucket":10,"minecraft:andesite":1,"minecraft:yellow_bed":3,"minecraft:oak_boat":5},"minecraft:killed_by":{"minecraft:spider":1,"minecraft:enderman":1,"minecraft:zombie":4},"minecraft:killed":{"minecraft:spider":2,"minecraft:skeleton":8,"minecraft:chicken":4,"minecraft:pig":16,"minecraft:frog":1,"minecraft:sheep":9,"minecraft:zombie":8,"minecraft:enderman":1},"minecraft:dropped":{"minecraft:iron_ingot":3,"minecraft:vine":17,"minecraft:birch_leaves":3,"minecraft:wheat_seeds":26,"minecraft:diamond_axe":1,"minecraft:diamond":3,"minecraft:stick":17,"minecraft:bone_meal":9,"minecraft:jungle_leaves":64,"minecraft:sand":2,"minecraft:paper":1,"minecraft:lily_pad":11,"minecraft:stone_sword":1,"minecraft:pointed_dripstone":6,"minecraft:oak_planks":2,"minecraft:shield":2,"minecraft:bow":1,"minecraft:stone_pickaxe":1,"minecraft:oak_leaves":9},"minecraft:broken":{"minecraft:shears":1,"minecraft:golden_shovel":1,"minecraft:iron_pickaxe":1},"minecraft:custom":{"minecraft:mob_kills":49,"minecraft:interact_with_crafting_table":61,"minecraft:bell_ring":15,"minecraft:time_since_death":189687,"minecraft:climb_one_cm":4643,"minecraft:sprint_one_cm":656114,"minecraft:walk_one_cm":730075,"minecraft:damage_blocked_by_shield":3213,"minecraft:drop":57,"minecraft:talked_to_villager":13,"minecraft:play_time":244838,"minecraft:deaths":7,"minecraft:sneak_time":3774,"minecraft:walk_under_water_one_cm":35802,"minecraft:boat_one_cm":290412,"minecraft:jump":4252,"minecraft:walk_on_water_one_cm":43275,"minecraft:total_world_time":244838,"minecraft:interact_with_furnace":45,"minecraft:traded_with_villager":8,"minecraft:sleep_in_bed":1,"minecraft:time_since_rest":24667,"minecraft:damage_taken":4238,"minecraft:damage_dealt":6997,"minecraft:swim_one_cm":25960,"minecraft:fly_one_cm":607805,"minecraft:open_chest":55,"minecraft:crouch_one_cm":7852,"minecraft:fall_one_cm":107590},"minecraft:mined":{"minecraft:tuff":27,"minecraft:mossy_cobblestone":2,"minecraft:deepslate_diamond_ore":15,"minecraft:jungle_leaves":416,"minecraft:granite":14,"minecraft:cobbled_deepslate_slab":9,"minecraft:grass_block":109,"minecraft:jungle_log":104,"minecraft:composter":2,"minecraft:cartography_table":2,"minecraft:hay_block":3,"minecraft:furnace":3,"minecraft:iron_ore":65,"minecraft:cobbled_deepslate":2,"minecraft:andesite":3,"minecraft:fletching_table":1,"minecraft:deepslate_lapis_ore":4,"minecraft:vine":49,"minecraft:pointed_dripstone":2,"minecraft:dirt_path":19,"minecraft:deepslate_iron_ore":3,"minecraft:stone":160,"minecraft:white_wool":2,"minecraft:crafting_table":2,"minecraft:oak_fence":1,"minecraft:torch":1,"minecraft:short_grass":47,"minecraft:lectern":3,"minecraft:copper_ore":1,"minecraft:tall_grass":3,"minecraft:cobblestone":12,"minecraft:deepslate_gold_ore":3,"minecraft:sugar_cane":4,"minecraft:oak_planks":13,"minecraft:diorite":5,"minecraft:seagrass":1,"minecraft:wheat":1,"minecraft:birch_leaves":11,"minecraft:yellow_bed":1,"minecraft:oak_log":72,"minecraft:coal_ore":67,"minecraft:gravel":64,"minecraft:dripstone_block":5,"minecraft:dirt":126,"minecraft:cobweb":38,"minecraft:oak_leaves":217,"minecraft:deepslate":238},"minecraft:picked_up":{"minecraft:crafting_table":2,"minecraft:wheat":1,"minecraft:chicken":6,"minecraft:wooden_pickaxe":2,"minecraft:string":36,"minecraft:raw_copper":5,"minecraft:cartography_table":2,"minecraft:cobbled_deepslate":236,"minecraft:oak_boat":3,"minecraft:jungle_sapling":4,"minecraft:lectern":3,"minecraft:sugar_cane":20,"minecraft:furnace":4,"minecraft:stick":533,"minecraft:raw_iron":69,"minecraft:composter":2,"minecraft:oak_fence":1,"minecraft:torch":14,"minecraft:porkchop":37,"minecraft:pointed_dripstone":11,"minecraft:diorite":5,"minecraft:vine":17,"minecraft:stone_sword":2,"minecraft:arrow":4,"minecraft:rotten_flesh":6,"minecraft:hay_block":4,"minecraft:mutton":13,"minecraft:cobblestone":196,"minecraft:white_wool":15,"minecraft:birch_leaves":3,"minecraft:feather":5,"minecraft:jungle_log":104,"minecraft:andesite":3,"minecraft:flint":6,"minecraft:tuff":27,"minecraft:oak_log":69,"minecraft:lily_pad":12,"minecraft:yellow_bed":2,"minecraft:lapis_lazuli":27,"minecraft:dirt":261,"minecraft:cooked_mutton":6,"minecraft:bone":11,"minecraft:apple":1,"minecraft:bow":2,"minecraft:wheat_seeds":32,"minecraft:raw_gold":3,"minecraft:cobbled_deepslate_slab":8,"minecraft:stone_pickaxe":3,"minecraft:iron_ingot":5,"minecraft:fletching_table":1,"minecraft:oak_planks":65,"minecraft:sand":2,"minecraft:dripstone_block":5,"minecraft:gravel":58,"minecraft:mossy_cobblestone":2,"minecraft:jungle_leaves":75,"minecraft:diamond":15,"minecraft:iron_helmet":1,"minecraft:granite":14,"minecraft:bread":62,"minecraft:oak_sapling":1,"minecraft:coal":117,"minecraft:oak_leaves":73,"minecraft:ender_pearl":1},"minecraft:crafted":{"minecraft:cobbled_deepslate_slab":54,"minecraft:oak_planks":276,"minecraft:furnace":4,"minecraft:bone_meal":9,"minecraft:diamond_shovel":1,"minecraft:bookshelf":1,"minecraft:cooked_mutton":8,"minecraft:iron_boots":2,"minecraft:iron_axe":1,"minecraft:iron_hoe":1,"minecraft:stone_pickaxe":2,"minecraft:chest":3,"minecraft:wheat":27,"minecraft:oak_slab":6,"minecraft:emerald":8,"minecraft:cooked_porkchop":16,"minecraft:diamond_axe":2,"minecraft:crafting_table":8,"minecraft:wooden_pickaxe":2,"minecraft:baked_potato":21,"minecraft:iron_sword":2,"minecraft:fletching_table":1,"minecraft:bucket":1,"minecraft:bread":9,"minecraft:air":0,"minecraft:cartography_table":1,"minecraft:oak_boat":1,"minecraft:lectern":1,"minecraft:book":2,"minecraft:iron_chestplate":2,"minecraft:paper":9,"minecraft:diamond_pickaxe":1,"minecraft:shield":3,"minecraft:stick":96,"minecraft:iron_ingot":52,"minecraft:iron_pickaxe":3,"minecraft:stone_sword":1,"minecraft:iron_leggings":1,"minecraft:torch":136,"minecraft:shears":2}},"DataVersion":3953}