{"stats":{"minecraft:used":{"minecraft:cooked_mutton":7,"minecraft:diorite":1,"minecraft:stone_sword":45,"minecraft:stone_pickaxe":155,"minecraft:wooden_pickaxe":41,"minecraft:iron_sword":31,"minecraft:rotten_flesh":2,"minecraft:white_wool":2,"minecraft:torch":30,"minecraft:dirt":60,"minecraft:crafting_table":4,"minecraft:granite":11,"minecraft:iron_pickaxe":75,"minecraft:cobblestone":63,"minecraft:furnace":4,"minecraft:cooked_porkchop":5},"minecraft:killed_by":{"minecraft:spider":1,"minecraft:zombie":4,"minecraft:enderman":1},"minecraft:killed":{"minecraft:pig":12,"minecraft:spider":2,"minecraft:sheep":2,"minecraft:skeleton":1,"minecraft:zombie":5,"minecraft:chicken":4},"minecraft:dropped":{"minecraft:iron_ingot":3,"minecraft:wheat_seeds":1,"minecraft:stone_sword":1,"minecraft:stone_pickaxe":1},"minecraft:custom":{"minecraft:interact_with_furnace":25,"minecraft:mob_kills":26,"minecraft:interact_with_crafting_table":19,"minecraft:time_since_death":15687,"minecraft:time_since_rest":15755,"minecraft:sprint_one_cm":198137,"minecraft:damage_taken":2673,"minecraft:walk_one_cm":201564,"minecraft:drop":6,"minecraft:damage_dealt":3250,"minecraft:fly_one_cm":192708,"minecraft:crouch_one_cm":4641,"minecraft:play_time":70838,"minecraft:deaths":7,"minecraft:sneak_time":2592,"minecraft:walk_under_water_one_cm":2346,"minecraft:jump":1414,"minecraft:walk_on_water_one_cm":3304,"minecraft:total_world_time":70838,"minecraft:fall_one_cm":37373},"minecraft:mined":{"minecraft:granite":11,"minecraft:short_grass":17,"minecraft:grass_block":10,"minecraft:tall_grass":3,"minecraft:copper_ore":1,"minecraft:diorite":3,"minecraft:iron_ore":44,"minecraft:andesite":2,"minecraft:coal_ore":52,"minecraft:oak_log":23,"minecraft:dirt":56,"minecraft:stone":130,"minecraft:white_wool":2,"minecraft:oak_leaves":6},"minecraft:picked_up":{"minecraft:feather":5,"minecraft:chicken":6,"minecraft:andesite":2,"minecraft:wooden_pickaxe":2,"minecraft:oak_log":23,"minecraft:dirt":79,"minecraft:raw_copper":5,"minecraft:cooked_mutton":6,"minecraft:bone":2,"minecraft:wheat_seeds":4,"minecraft:stone_pickaxe":3,"minecraft:oak_planks":52,"minecraft:raw_iron":45,"minecraft:torch":11,"minecraft:porkchop":29,"minecraft:diorite":3,"minecraft:stone_sword":2,"minecraft:arrow":1,"minecraft:rotten_flesh":4,"minecraft:granite":11,"minecraft:mutton":3,"minecraft:coal":79,"minecraft:white_wool":8,"minecraft:cobblestone":154},"minecraft:crafted":{"minecraft:oak_planks":92,"minecraft:cooked_porkchop":5,"minecraft:crafting_table":4,"minecraft:wooden_pickaxe":2,"minecraft:iron_sword":2,"minecraft:furnace":4,"minecraft:bucket":1,"minecraft:cooked_mutton":8,"minecraft:air":0,"minecraft:iron_chestplate":1,"minecraft:iron_boots":2,"minecraft:stick":24,"minecraft:iron_ingot":32,"minecraft:iron_pickaxe":2,"minecraft:stone_pickaxe":2,"minecraft:stone_sword":1,"minecraft:torch":28}},"DataVersion":3953}