{"stats":{"minecraft:used":{"minecraft:stone_sword":45,"minecraft:chest":5,"minecraft:shield":59,"minecraft:iron_sword":165,"minecraft:rotten_flesh":2,"minecraft:torch":181,"minecraft:dirt":272,"minecraft:golden_shovel":33,"minecraft:granite":13,"minecraft:jungle_sapling":4,"minecraft:iron_hoe":4,"minecraft:iron_axe":57,"minecraft:jungle_log":1,"minecraft:bow":1,"minecraft:furnace":8,"minecraft:oak_sapling":1,"minecraft:cobbled_deepslate":80,"minecraft:pointed_dripstone":1,"minecraft:wheat_seeds":1,"minecraft:cooked_mutton":7,"minecraft:water_bucket":9,"minecraft:diorite":3,"minecraft:stone_pickaxe":155,"minecraft:cartography_table":2,"minecraft:oak_planks":46,"minecraft:wooden_pickaxe":41,"minecraft:fletching_table":4,"minecraft:composter":2,"minecraft:sugar_cane":2,"minecraft:diamond_axe":333,"minecraft:oak_leaves":14,"minecraft:white_wool":2,"minecraft:mossy_cobblestone":2,"minecraft:crafting_table":11,"minecraft:shears":436,"minecraft:diamond_pickaxe":209,"minecraft:diamond_shovel":220,"minecraft:bread":29,"minecraft:iron_pickaxe":286,"minecraft:lectern":8,"minecraft:gravel":31,"minecraft:cobblestone":105,"minecraft:cobbled_deepslate_slab":41,"minecraft:cooked_porkchop":16,"minecraft:bucket":10,"minecraft:andesite":1,"minecraft:yellow_bed":3,"minecraft:oak_boat":8},"minecraft:killed_by":{"minecraft:spider":1,"minecraft:enderman":1,"minecraft:iron_golem":1,"minecraft:zombie":4},"minecraft:killed":{"minecraft:spider":2,"minecraft:skeleton":9,"minecraft:chicken":4,"minecraft:pig":16,"minecraft:iron_golem":2,"minecraft:frog":1,"minecraft:sheep":9,"minecraft:zombie":10,"minecraft:enderman":1},"minecraft:dropped":{"minecraft:water_bucket":1,"minecraft:iron_ingot":3,"minecraft:vine":17,"minecraft:birch_leaves":3,"minecraft:wheat_seeds":26,"minecraft:diamond_axe":1,"minecraft:diamond":3,"minecraft:stick":17,"minecraft:bone_meal":9,"minecraft:jungle_leaves":64,"minecraft:sand":2,"minecraft:paper":1,"minecraft:lily_pad":11,"minecraft:stone_sword":1,"minecraft:wheat":1,"minecraft:pointed_dripstone":6,"minecraft:oak_planks":2,"minecraft:shield":2,"minecraft:bow":1,"minecraft:stone_pickaxe":1,"minecraft:oak_leaves":9},"minecraft:broken":{"minecraft:shears":1,"minecraft:golden_shovel":1,"minecraft:iron_pickaxe":1},"minecraft:custom":{"minecraft:mob_kills":54,"minecraft:interact_with_crafting_table":65,"minecraft:bell_ring":20,"minecraft:leave_game":1,"minecraft:time_since_death":12784,"minecraft:climb_one_cm":4857,"minecraft:sprint_one_cm":700339,"minecraft:walk_one_cm":809437,"minecraft:damage_blocked_by_shield":3753,"minecraft:drop":59,"minecraft:talked_to_villager":31,"minecraft:play_time":276391,"minecraft:deaths":8,"minecraft:sneak_time":4437,"minecraft:walk_under_water_one_cm":36667,"minecraft:boat_one_cm":351086,"minecraft:jump":4675,"minecraft:walk_on_water_one_cm":43327,"minecraft:total_world_time":276391,"minecraft:interact_with_furnace":45,"minecraft:traded_with_villager":50,"minecraft:sleep_in_bed":2,"minecraft:time_since_rest":2578,"minecraft:damage_taken":4637,"minecraft:damage_dealt":9018,"minecraft:swim_one_cm":25960,"minecraft:fly_one_cm":668344,"minecraft:open_chest":63,"minecraft:crouch_one_cm":8916,"minecraft:fall_one_cm":116570},"minecraft:mined":{"minecraft:tuff":27,"minecraft:mossy_cobblestone":2,"minecraft:deepslate_diamond_ore":15,"minecraft:jungle_leaves":419,"minecraft:granite":14,"minecraft:cobbled_deepslate_slab":23,"minecraft:grass_block":111,"minecraft:jungle_log":198,"minecraft:cartography_table":2,"minecraft:composter":2,"minecraft:hay_block":3,"minecraft:furnace":3,"minecraft:iron_ore":66,"minecraft:cobbled_deepslate":2,"minecraft:andesite":3,"minecraft:deepslate_lapis_ore":4,"minecraft:fletching_table":3,"minecraft:pointed_dripstone":2,"minecraft:vine":73,"minecraft:deepslate_iron_ore":3,"minecraft:dirt_path":19,"minecraft:stone":160,"minecraft:white_wool":2,"minecraft:oak_fence":1,"minecraft:torch":1,"minecraft:crafting_table":2,"minecraft:short_grass":49,"minecraft:lectern":7,"minecraft:cobblestone":12,"minecraft:tall_grass":3,"minecraft:copper_ore":1,"minecraft:sugar_cane":4,"minecraft:deepslate_gold_ore":3,"minecraft:oak_planks":19,"minecraft:diorite":5,"minecraft:seagrass":1,"minecraft:wheat":1,"minecraft:birch_leaves":11,"minecraft:yellow_bed":1,"minecraft:coal_ore":67,"minecraft:oak_log":72,"minecraft:gravel":64,"minecraft:dripstone_block":5,"minecraft:dirt":166,"minecraft:cobweb":38,"minecraft:oak_leaves":217,"minecraft:deepslate":238},"minecraft:picked_up":{"minecraft:crafting_table":2,"minecraft:wheat":3,"minecraft:chicken":6,"minecraft:wooden_pickaxe":2,"minecraft:enchanted_book":2,"minecraft:shield":1,"minecraft:string":36,"minecraft:raw_copper":5,"minecraft:diamond_leggings":1,"minecraft:cartography_table":2,"minecraft:cobbled_deepslate":241,"minecraft:oak_boat":8,"minecraft:jungle_sapling":10,"minecraft:poppy":1,"minecraft:iron_pickaxe":1,"minecraft:lectern":7,"minecraft:sugar_cane":20,"minecraft:furnace":4,"minecraft:stick":779,"minecraft:raw_iron":70,"minecraft:composter":2,"minecraft:oak_fence":1,"minecraft:torch":18,"minecraft:porkchop":37,"minecraft:pointed_dripstone":11,"minecraft:diorite":5,"minecraft:vine":17,"minecraft:rotten_flesh":10,"minecraft:diamond_chestplate":1,"minecraft:stone_sword":2,"minecraft:arrow":7,"minecraft:shears":1,"minecraft:diamond_boots":1,"minecraft:hay_block":4,"minecraft:mutton":23,"minecraft:white_wool":15,"minecraft:cobblestone":196,"minecraft:birch_leaves":3,"minecraft:feather":5,"minecraft:jungle_log":198,"minecraft:water_bucket":1,"minecraft:andesite":3,"minecraft:leather":2,"minecraft:flint":9,"minecraft:tuff":27,"minecraft:oak_log":69,"minecraft:lily_pad":12,"minecraft:yellow_bed":2,"minecraft:lapis_lazuli":27,"minecraft:dirt":311,"minecraft:paper":3,"minecraft:name_tag":1,"minecraft:cooked_mutton":6,"minecraft:bone":12,"minecraft:apple":1,"minecraft:bow":2,"minecraft:wheat_seeds":32,"minecraft:raw_gold":3,"minecraft:cobbled_deepslate_slab":67,"minecraft:iron_ingot":27,"minecraft:stone_pickaxe":3,"minecraft:fletching_table":3,"minecraft:diamond_helmet":1,"minecraft:oak_planks":119,"minecraft:dripstone_block":5,"minecraft:gravel":58,"minecraft:sand":2,"minecraft:mossy_cobblestone":2,"minecraft:jungle_leaves":75,"minecraft:iron_hoe":1,"minecraft:diamond_shovel":1,"minecraft:diamond":15,"minecraft:iron_helmet":1,"minecraft:diamond_axe":1,"minecraft:granite":14,"minecraft:golden_apple":2,"minecraft:bread":118,"minecraft:emerald":3,"minecraft:baked_potato":21,"minecraft:oak_sapling":1,"minecraft:coal":117,"minecraft:oak_leaves":73,"minecraft:ender_pearl":2,"minecraft:diamond_pickaxe":1},"minecraft:crafted":{"minecraft:cobbled_deepslate_slab":54,"minecraft:oak_planks":276,"minecraft:furnace":4,"minecraft:bone_meal":9,"minecraft:diamond_shovel":1,"minecraft:bookshelf":1,"minecraft:cooked_mutton":8,"minecraft:bow":2,"minecraft:iron_boots":2,"minecraft:iron_axe":1,"minecraft:iron_hoe":1,"minecraft:stone_pickaxe":2,"minecraft:chest":5,"minecraft:wheat":27,"minecraft:oak_slab":6,"minecraft:crossbow":3,"minecraft:emerald":43,"minecraft:cooked_porkchop":16,"minecraft:diamond_axe":2,"minecraft:crafting_table":9,"minecraft:wooden_pickaxe":2,"minecraft:baked_potato":21,"minecraft:iron_sword":2,"minecraft:fletching_table":1,"minecraft:bucket":1,"minecraft:enchanted_book":2,"minecraft:jungle_planks":372,"minecraft:bread":9,"minecraft:air":0,"minecraft:cartography_table":1,"minecraft:oak_boat":1,"minecraft:lectern":1,"minecraft:book":4,"minecraft:iron_chestplate":2,"minecraft:paper":18,"minecraft:diamond_pickaxe":1,"minecraft:shield":3,"minecraft:stick":816,"minecraft:iron_ingot":52,"minecraft:iron_pickaxe":3,"minecraft:stone_sword":1,"minecraft:iron_leggings":1,"minecraft:torch":136,"minecraft:shears":2}},"DataVersion":3953}