{"stats":{"minecraft:used":{"minecraft:stone_pickaxe":73,"minecraft:wooden_pickaxe":27,"minecraft:rotten_flesh":1,"minecraft:dirt":18,"minecraft:cobblestone":37,"minecraft:crafting_table":1},"minecraft:killed_by":{"minecraft:zombie":2,"minecraft:enderman":1},"minecraft:killed":{"minecraft:spider":1},"minecraft:custom":{"minecraft:time_since_rest":5401,"minecraft:sprint_one_cm":39929,"minecraft:damage_taken":890,"minecraft:walk_one_cm":51675,"minecraft:mob_kills":1,"minecraft:damage_dealt":431,"minecraft:interact_with_crafting_table":4,"minecraft:fly_one_cm":45074,"minecraft:crouch_one_cm":1356,"minecraft:play_time":22838,"minecraft:deaths":3,"minecraft:sneak_time":501,"minecraft:walk_under_water_one_cm":2346,"minecraft:jump":397,"minecraft:time_since_death":5364,"minecraft:walk_on_water_one_cm":3064,"minecraft:total_world_time":22838,"minecraft:fall_one_cm":8404},"minecraft:mined":{"minecraft:iron_ore":1,"minecraft:short_grass":2,"minecraft:oak_log":7,"minecraft:grass_block":8,"minecraft:coal_ore":16,"minecraft:dirt":45,"minecraft:tall_grass":3,"minecraft:stone":59,"minecraft:oak_leaves":1},"minecraft:picked_up":{"minecraft:raw_iron":2,"minecraft:wooden_pickaxe":1,"minecraft:oak_log":7,"minecraft:dirt":57,"minecraft:rotten_flesh":2,"minecraft:stone_pickaxe":1,"minecraft:oak_planks":19,"minecraft:coal":32,"minecraft:cobblestone":78},"minecraft:crafted":{"minecraft:oak_planks":28,"minecraft:crafting_table":1,"minecraft:stick":4,"minecraft:wooden_pickaxe":1,"minecraft:stone_pickaxe":1}},"DataVersion":3953}