{"stats":{"minecraft:used":{"minecraft:jungle_leaves":64,"minecraft:stone_sword":45,"minecraft:chest":5,"minecraft:shield":74,"minecraft:iron_sword":165,"minecraft:rotten_flesh":2,"minecraft:torch":181,"minecraft:dirt":821,"minecraft:anvil":3,"minecraft:golden_shovel":33,"minecraft:granite":13,"minecraft:jungle_sapling":17,"minecraft:iron_hoe":4,"minecraft:iron_axe":57,"minecraft:jungle_log":1,"minecraft:bow":1,"minecraft:furnace":8,"minecraft:oak_sapling":1,"minecraft:cobbled_deepslate":80,"minecraft:pointed_dripstone":1,"minecraft:wheat_seeds":1,"minecraft:cooked_mutton":7,"minecraft:water_bucket":133,"minecraft:diorite":3,"minecraft:stone_pickaxe":155,"minecraft:cartography_table":2,"minecraft:oak_planks":46,"minecraft:wooden_pickaxe":41,"minecraft:fletching_table":5,"minecraft:composter":2,"minecraft:sugar_cane":27,"minecraft:diamond_axe":465,"minecraft:oak_leaves":78,"minecraft:white_wool":2,"minecraft:mossy_cobblestone":2,"minecraft:crafting_table":11,"minecraft:shears":436,"minecraft:diamond_pickaxe":254,"minecraft:diamond_shovel":523,"minecraft:bread":41,"minecraft:iron_pickaxe":286,"minecraft:lectern":9,"minecraft:gravel":31,"minecraft:cobblestone":105,"minecraft:cobbled_deepslate_slab":112,"minecraft:cooked_porkchop":16,"minecraft:bucket":135,"minecraft:andesite":1,"minecraft:yellow_bed":3,"minecraft:oak_boat":18},"minecraft:killed_by":{"minecraft:spider":1,"minecraft:enderman":1,"minecraft:iron_golem":1,"minecraft:zombie":4},"minecraft:killed":{"minecraft:spider":2,"minecraft:skeleton":10,"minecraft:chicken":4,"minecraft:pig":16,"minecraft:iron_golem":2,"minecraft:frog":1,"minecraft:creeper":1,"minecraft:sheep":9,"minecraft:zombie":13,"minecraft:enderman":1},"minecraft:dropped":{"minecraft:water_bucket":1,"minecraft:iron_ingot":3,"minecraft:vine":17,"minecraft:birch_leaves":3,"minecraft:wheat_seeds":26,"minecraft:diamond_axe":1,"minecraft:diamond":3,"minecraft:stick":17,"minecraft:bone_meal":9,"minecraft:jungle_leaves":64,"minecraft:sand":2,"minecraft:paper":1,"minecraft:lily_pad":11,"minecraft:bucket":1,"minecraft:stone_sword":1,"minecraft:wheat":1,"minecraft:pointed_dripstone":6,"minecraft:oak_planks":2,"minecraft:shield":2,"minecraft:oak_sapling":2,"minecraft:bow":1,"minecraft:stone_pickaxe":1,"minecraft:oak_leaves":9},"minecraft:broken":{"minecraft:shears":1,"minecraft:golden_shovel":1,"minecraft:iron_pickaxe":1},"minecraft:custom":{"minecraft:mob_kills":59,"minecraft:interact_with_crafting_table":72,"minecraft:bell_ring":20,"minecraft:leave_game":1,"minecraft:time_since_death":90784,"minecraft:climb_one_cm":9325,"minecraft:sprint_one_cm":798917,"minecraft:walk_one_cm":1018254,"minecraft:damage_blocked_by_shield":4608,"minecraft:drop":62,"minecraft:talked_to_villager":63,"minecraft:play_time":354391,"minecraft:deaths":8,"minecraft:sneak_time":7684,"minecraft:walk_under_water_one_cm":74347,"minecraft:boat_one_cm":434893,"minecraft:jump":5821,"minecraft:walk_on_water_one_cm":71615,"minecraft:total_world_time":354391,"minecraft:interact_with_furnace":48,"minecraft:traded_with_villager":111,"minecraft:sleep_in_bed":5,"minecraft:time_since_rest":10334,"minecraft:damage_taken":4995,"minecraft:damage_dealt":10030,"minecraft:swim_one_cm":31576,"minecraft:fly_one_cm":836742,"minecraft:open_chest":83,"minecraft:crouch_one_cm":21371,"minecraft:fall_one_cm":138372},"minecraft:mined":{"minecraft:tuff":27,"minecraft:mossy_cobblestone":3,"minecraft:deepslate_diamond_ore":15,"minecraft:jungle_leaves":491,"minecraft:granite":14,"minecraft:cobbled_deepslate_slab":57,"minecraft:grass_block":196,"minecraft:jungle_log":274,"minecraft:cartography_table":2,"minecraft:composter":3,"minecraft:hay_block":3,"minecraft:furnace":4,"minecraft:jungle_sapling":1,"minecraft:iron_ore":66,"minecraft:cobbled_deepslate":2,"minecraft:andesite":3,"minecraft:anvil":2,"minecraft:deepslate_lapis_ore":4,"minecraft:fletching_table":3,"minecraft:pointed_dripstone":2,"minecraft:vine":81,"minecraft:deepslate_iron_ore":3,"minecraft:dirt_path":20,"minecraft:bamboo":3,"minecraft:stone":160,"minecraft:white_wool":2,"minecraft:oak_fence":1,"minecraft:torch":1,"minecraft:crafting_table":2,"minecraft:short_grass":60,"minecraft:melon":5,"minecraft:lectern":8,"minecraft:cobblestone":19,"minecraft:tall_grass":3,"minecraft:copper_ore":1,"minecraft:sugar_cane":30,"minecraft:deepslate_gold_ore":3,"minecraft:oak_planks":19,"minecraft:diorite":5,"minecraft:seagrass":1,"minecraft:wheat":1,"minecraft:birch_leaves":11,"minecraft:yellow_bed":1,"minecraft:coal_ore":67,"minecraft:oak_log":77,"minecraft:sand":10,"minecraft:gravel":64,"minecraft:dripstone_block":5,"minecraft:dirt":421,"minecraft:cobweb":38,"minecraft:fern":1,"minecraft:oak_leaves":283,"minecraft:deepslate":238},"minecraft:picked_up":{"minecraft:crafting_table":2,"minecraft:wheat":3,"minecraft:chicken":6,"minecraft:anvil":2,"minecraft:wooden_pickaxe":2,"minecraft:enchanted_book":2,"minecraft:shield":1,"minecraft:string":36,"minecraft:raw_copper":5,"minecraft:diamond_leggings":1,"minecraft:cartography_table":2,"minecraft:cobbled_deepslate":241,"minecraft:oak_boat":18,"minecraft:jungle_sapling":17,"minecraft:poppy":1,"minecraft:iron_pickaxe":1,"minecraft:lectern":8,"minecraft:melon_slice":20,"minecraft:sugar_cane":58,"minecraft:furnace":5,"minecraft:stick":785,"minecraft:raw_iron":70,"minecraft:composter":2,"minecraft:oak_fence":1,"minecraft:torch":18,"minecraft:porkchop":37,"minecraft:pointed_dripstone":11,"minecraft:diorite":5,"minecraft:vine":17,"minecraft:rotten_flesh":15,"minecraft:diamond_chestplate":1,"minecraft:stone_sword":2,"minecraft:arrow":7,"minecraft:shears":1,"minecraft:diamond_boots":1,"minecraft:hay_block":4,"minecraft:mutton":23,"minecraft:white_wool":15,"minecraft:cobblestone":201,"minecraft:birch_leaves":3,"minecraft:feather":5,"minecraft:jungle_log":275,"minecraft:water_bucket":1,"minecraft:andesite":3,"minecraft:leather":2,"minecraft:flint":9,"minecraft:tuff":27,"minecraft:oak_log":74,"minecraft:lily_pad":12,"minecraft:gunpowder":2,"minecraft:yellow_bed":2,"minecraft:lapis_lazuli":27,"minecraft:dirt":619,"minecraft:paper":3,"minecraft:name_tag":1,"minecraft:cooked_mutton":6,"minecraft:bone":14,"minecraft:apple":1,"minecraft:bow":2,"minecraft:wheat_seeds":34,"minecraft:raw_gold":3,"minecraft:cobbled_deepslate_slab":106,"minecraft:iron_ingot":40,"minecraft:stone_pickaxe":3,"minecraft:bamboo":28,"minecraft:fletching_table":3,"minecraft:diamond_helmet":1,"minecraft:oak_planks":119,"minecraft:dripstone_block":5,"minecraft:gravel":58,"minecraft:sand":12,"minecraft:mossy_cobblestone":3,"minecraft:jungle_leaves":75,"minecraft:iron_hoe":1,"minecraft:diamond_shovel":1,"minecraft:diamond":15,"minecraft:iron_helmet":1,"minecraft:diamond_axe":1,"minecraft:granite":14,"minecraft:golden_apple":2,"minecraft:bread":118,"minecraft:emerald":3,"minecraft:baked_potato":21,"minecraft:oak_sapling":3,"minecraft:coal":145,"minecraft:oak_leaves":73,"minecraft:ender_pearl":2,"minecraft:diamond_pickaxe":1},"minecraft:crafted":{"minecraft:cobbled_deepslate_slab":54,"minecraft:oak_planks":276,"minecraft:furnace":4,"minecraft:bone_meal":9,"minecraft:diamond_shovel":1,"minecraft:bookshelf":1,"minecraft:cooked_mutton":8,"minecraft:bow":20,"minecraft:iron_boots":2,"minecraft:iron_axe":1,"minecraft:iron_hoe":1,"minecraft:stone_pickaxe":2,"minecraft:chest":5,"minecraft:wheat":27,"minecraft:oak_slab":6,"minecraft:crossbow":3,"minecraft:emerald":86,"minecraft:cooked_porkchop":16,"minecraft:diamond_axe":2,"minecraft:crafting_table":9,"minecraft:wooden_pickaxe":2,"minecraft:baked_potato":21,"minecraft:iron_sword":2,"minecraft:fletching_table":2,"minecraft:bucket":3,"minecraft:enchanted_book":2,"minecraft:jungle_planks":680,"minecraft:bread":9,"minecraft:air":0,"minecraft:cartography_table":1,"minecraft:oak_boat":1,"minecraft:lectern":1,"minecraft:book":4,"minecraft:iron_chestplate":2,"minecraft:paper":18,"minecraft:diamond_pickaxe":1,"minecraft:shield":3,"minecraft:stick":2112,"minecraft:iron_ingot":90,"minecraft:iron_pickaxe":3,"minecraft:iron_block":3,"minecraft:stone_sword":1,"minecraft:iron_leggings":1,"minecraft:anvil":1,"minecraft:torch":136,"minecraft:shears":2}},"DataVersion":3953}