{"stats":{"minecraft:used":{"minecraft:wheat_seeds":1,"minecraft:cooked_mutton":7,"minecraft:water_bucket":6,"minecraft:diorite":3,"minecraft:stone_sword":45,"minecraft:stone_pickaxe":155,"minecraft:oak_planks":17,"minecraft:shield":26,"minecraft:wooden_pickaxe":41,"minecraft:iron_sword":134,"minecraft:rotten_flesh":2,"minecraft:white_wool":2,"minecraft:torch":112,"minecraft:dirt":61,"minecraft:crafting_table":7,"minecraft:granite":13,"minecraft:iron_hoe":4,"minecraft:iron_axe":26,"minecraft:bread":6,"minecraft:iron_pickaxe":194,"minecraft:cobblestone":98,"minecraft:bow":1,"minecraft:furnace":8,"minecraft:cooked_porkchop":16,"minecraft:andesite":1,"minecraft:bucket":6,"minecraft:yellow_bed":1,"minecraft:oak_boat":2,"minecraft:cobbled_deepslate":18},"minecraft:killed_by":{"minecraft:spider":1,"minecraft:zombie":4,"minecraft:enderman":1},"minecraft:killed":{"minecraft:pig":16,"minecraft:spider":2,"minecraft:frog":1,"minecraft:sheep":9,"minecraft:skeleton":4,"minecraft:zombie":6,"minecraft:chicken":4},"minecraft:dropped":{"minecraft:iron_ingot":3,"minecraft:wheat_seeds":8,"minecraft:stone_sword":1,"minecraft:bow":1,"minecraft:stone_pickaxe":1,"minecraft:lily_pad":11},"minecraft:custom":{"minecraft:interact_with_furnace":45,"minecraft:mob_kills":42,"minecraft:interact_with_crafting_table":35,"minecraft:time_since_death":75687,"minecraft:climb_one_cm":1892,"minecraft:time_since_rest":75755,"minecraft:sprint_one_cm":402801,"minecraft:damage_taken":3694,"minecraft:walk_one_cm":401876,"minecraft:damage_blocked_by_shield":1617,"minecraft:drop":25,"minecraft:damage_dealt":5388,"minecraft:talked_to_villager":1,"minecraft:swim_one_cm":11607,"minecraft:fly_one_cm":348409,"minecraft:open_chest":12,"minecraft:crouch_one_cm":6335,"minecraft:play_time":130838,"minecraft:deaths":7,"minecraft:sneak_time":3228,"minecraft:walk_under_water_one_cm":17722,"minecraft:boat_one_cm":193457,"minecraft:jump":2365,"minecraft:walk_on_water_one_cm":19566,"minecraft:total_world_time":130838,"minecraft:fall_one_cm":60839},"minecraft:mined":{"minecraft:deepslate_diamond_ore":11,"minecraft:oak_fence":1,"minecraft:crafting_table":2,"minecraft:torch":1,"minecraft:granite":14,"minecraft:short_grass":25,"minecraft:grass_block":10,"minecraft:cobblestone":3,"minecraft:tall_grass":3,"minecraft:copper_ore":1,"minecraft:oak_planks":7,"minecraft:diorite":5,"minecraft:seagrass":1,"minecraft:hay_block":3,"minecraft:furnace":3,"minecraft:iron_ore":65,"minecraft:wheat":1,"minecraft:andesite":3,"minecraft:yellow_bed":1,"minecraft:deepslate_lapis_ore":4,"minecraft:coal_ore":67,"minecraft:oak_log":42,"minecraft:deepslate_iron_ore":1,"minecraft:dirt":57,"minecraft:cobweb":38,"minecraft:stone":160,"minecraft:white_wool":2,"minecraft:oak_leaves":13,"minecraft:deepslate":21},"minecraft:picked_up":{"minecraft:crafting_table":2,"minecraft:feather":5,"minecraft:chicken":6,"minecraft:andesite":3,"minecraft:wooden_pickaxe":2,"minecraft:oak_log":41,"minecraft:lily_pad":12,"minecraft:yellow_bed":1,"minecraft:lapis_lazuli":27,"minecraft:string":36,"minecraft:dirt":80,"minecraft:raw_copper":5,"minecraft:cooked_mutton":6,"minecraft:bone":6,"minecraft:apple":1,"minecraft:bow":1,"minecraft:wheat_seeds":14,"minecraft:cobbled_deepslate":20,"minecraft:iron_ingot":5,"minecraft:stone_pickaxe":3,"minecraft:oak_boat":2,"minecraft:oak_planks":58,"minecraft:furnace":4,"minecraft:raw_iron":67,"minecraft:oak_fence":1,"minecraft:torch":12,"minecraft:porkchop":37,"minecraft:diorite":5,"minecraft:stone_sword":2,"minecraft:arrow":2,"minecraft:rotten_flesh":4,"minecraft:diamond":11,"minecraft:hay_block":3,"minecraft:iron_helmet":1,"minecraft:granite":14,"minecraft:mutton":13,"minecraft:coal":117,"minecraft:white_wool":15,"minecraft:cobblestone":187},"minecraft:crafted":{"minecraft:oak_planks":164,"minecraft:cooked_porkchop":16,"minecraft:crafting_table":5,"minecraft:baked_potato":21,"minecraft:wooden_pickaxe":2,"minecraft:iron_sword":2,"minecraft:furnace":4,"minecraft:bucket":1,"minecraft:bread":9,"minecraft:cooked_mutton":8,"minecraft:air":0,"minecraft:oak_boat":1,"minecraft:iron_chestplate":2,"minecraft:iron_boots":2,"minecraft:shield":1,"minecraft:iron_axe":1,"minecraft:iron_hoe":1,"minecraft:stick":40,"minecraft:iron_ingot":52,"minecraft:iron_pickaxe":2,"minecraft:stone_pickaxe":2,"minecraft:stone_sword":1,"minecraft:iron_leggings":1,"minecraft:torch":80,"minecraft:wheat":27}},"DataVersion":3953}