{"stats":{"minecraft:used":{"minecraft:cooked_mutton":7,"minecraft:water_bucket":2,"minecraft:diorite":3,"minecraft:stone_sword":45,"minecraft:stone_pickaxe":155,"minecraft:shield":15,"minecraft:wooden_pickaxe":41,"minecraft:iron_sword":127,"minecraft:rotten_flesh":2,"minecraft:white_wool":2,"minecraft:torch":71,"minecraft:dirt":60,"minecraft:crafting_table":6,"minecraft:granite":13,"minecraft:iron_axe":26,"minecraft:iron_pickaxe":159,"minecraft:cobblestone":75,"minecraft:bow":1,"minecraft:furnace":7,"minecraft:cooked_porkchop":14,"minecraft:andesite":1,"minecraft:bucket":3,"minecraft:oak_boat":1,"minecraft:cobbled_deepslate":1},"minecraft:killed_by":{"minecraft:spider":1,"minecraft:zombie":4,"minecraft:enderman":1},"minecraft:killed":{"minecraft:pig":16,"minecraft:spider":2,"minecraft:sheep":9,"minecraft:skeleton":3,"minecraft:zombie":6,"minecraft:chicken":4},"minecraft:dropped":{"minecraft:iron_ingot":3,"minecraft:wheat_seeds":1,"minecraft:stone_sword":1,"minecraft:bow":1,"minecraft:stone_pickaxe":1},"minecraft:custom":{"minecraft:interact_with_furnace":39,"minecraft:mob_kills":40,"minecraft:interact_with_crafting_table":31,"minecraft:time_since_death":51687,"minecraft:climb_one_cm":855,"minecraft:time_since_rest":51755,"minecraft:sprint_one_cm":306429,"minecraft:damage_taken":3275,"minecraft:walk_one_cm":328040,"minecraft:damage_blocked_by_shield":987,"minecraft:drop":7,"minecraft:damage_dealt":5119,"minecraft:swim_one_cm":3409,"minecraft:fly_one_cm":283234,"minecraft:open_chest":2,"minecraft:crouch_one_cm":5118,"minecraft:play_time":106838,"minecraft:deaths":7,"minecraft:sneak_time":2712,"minecraft:walk_under_water_one_cm":13743,"minecraft:boat_one_cm":161282,"minecraft:jump":1980,"minecraft:walk_on_water_one_cm":14721,"minecraft:total_world_time":106838,"minecraft:fall_one_cm":51349},"minecraft:mined":{"minecraft:oak_fence":1,"minecraft:crafting_table":2,"minecraft:torch":1,"minecraft:granite":14,"minecraft:short_grass":25,"minecraft:grass_block":10,"minecraft:tall_grass":3,"minecraft:copper_ore":1,"minecraft:oak_planks":6,"minecraft:diorite":5,"minecraft:furnace":3,"minecraft:iron_ore":65,"minecraft:andesite":3,"minecraft:deepslate_lapis_ore":4,"minecraft:coal_ore":67,"minecraft:oak_log":42,"minecraft:deepslate_iron_ore":1,"minecraft:dirt":57,"minecraft:cobweb":38,"minecraft:stone":160,"minecraft:white_wool":2,"minecraft:oak_leaves":13,"minecraft:deepslate":1},"minecraft:picked_up":{"minecraft:crafting_table":2,"minecraft:feather":5,"minecraft:chicken":6,"minecraft:andesite":3,"minecraft:wooden_pickaxe":2,"minecraft:oak_log":41,"minecraft:lapis_lazuli":27,"minecraft:string":36,"minecraft:dirt":80,"minecraft:raw_copper":5,"minecraft:cooked_mutton":6,"minecraft:bone":6,"minecraft:apple":1,"minecraft:bow":1,"minecraft:wheat_seeds":6,"minecraft:cobbled_deepslate":1,"minecraft:iron_ingot":5,"minecraft:stone_pickaxe":3,"minecraft:oak_boat":1,"minecraft:oak_planks":57,"minecraft:furnace":4,"minecraft:raw_iron":67,"minecraft:oak_fence":1,"minecraft:torch":12,"minecraft:porkchop":37,"minecraft:diorite":5,"minecraft:stone_sword":2,"minecraft:arrow":2,"minecraft:rotten_flesh":4,"minecraft:iron_helmet":1,"minecraft:granite":14,"minecraft:mutton":13,"minecraft:coal":101,"minecraft:white_wool":15,"minecraft:cobblestone":184},"minecraft:crafted":{"minecraft:oak_planks":164,"minecraft:cooked_porkchop":16,"minecraft:crafting_table":4,"minecraft:wooden_pickaxe":2,"minecraft:iron_sword":2,"minecraft:furnace":4,"minecraft:bucket":1,"minecraft:cooked_mutton":8,"minecraft:air":0,"minecraft:oak_boat":1,"minecraft:iron_chestplate":2,"minecraft:iron_boots":2,"minecraft:shield":1,"minecraft:iron_axe":1,"minecraft:stick":40,"minecraft:iron_ingot":50,"minecraft:iron_pickaxe":2,"minecraft:stone_pickaxe":2,"minecraft:stone_sword":1,"minecraft:iron_leggings":1,"minecraft:torch":80}},"DataVersion":3953}