{"stats":{"minecraft:used":{"minecraft:cooked_mutton":2,"minecraft:stone_sword":16,"minecraft:stone_pickaxe":100,"minecraft:wooden_pickaxe":41,"minecraft:rotten_flesh":1,"minecraft:dirt":44,"minecraft:cobblestone":37,"minecraft:crafting_table":2,"minecraft:furnace":2,"minecraft:cooked_porkchop":3},"minecraft:killed_by":{"minecraft:zombie":2,"minecraft:enderman":1},"minecraft:killed":{"minecraft:sheep":2,"minecraft:pig":4,"minecraft:chicken":1,"minecraft:spider":1},"minecraft:custom":{"minecraft:time_since_rest":17401,"minecraft:interact_with_furnace":9,"minecraft:sprint_one_cm":80201,"minecraft:damage_taken":990,"minecraft:walk_one_cm":81594,"minecraft:mob_kills":8,"minecraft:damage_dealt":1045,"minecraft:interact_with_crafting_table":11,"minecraft:fly_one_cm":86055,"minecraft:crouch_one_cm":1434,"minecraft:play_time":34838,"minecraft:deaths":3,"minecraft:sneak_time":515,"minecraft:walk_under_water_one_cm":2346,"minecraft:jump":640,"minecraft:time_since_death":17364,"minecraft:walk_on_water_one_cm":3304,"minecraft:total_world_time":34838,"minecraft:fall_one_cm":15405},"minecraft:mined":{"minecraft:iron_ore":1,"minecraft:short_grass":6,"minecraft:oak_log":18,"minecraft:grass_block":9,"minecraft:coal_ore":27,"minecraft:dirt":49,"minecraft:tall_grass":3,"minecraft:stone":88,"minecraft:oak_leaves":6},"minecraft:picked_up":{"minecraft:raw_iron":2,"minecraft:feather":2,"minecraft:chicken":1,"minecraft:wooden_pickaxe":1,"minecraft:porkchop":8,"minecraft:oak_log":18,"minecraft:dirt":64,"minecraft:rotten_flesh":2,"minecraft:wheat_seeds":1,"minecraft:stone_pickaxe":1,"minecraft:mutton":3,"minecraft:oak_planks":19,"minecraft:coal":42,"minecraft:white_wool":2,"minecraft:cobblestone":106},"minecraft:crafted":{"minecraft:oak_planks":72,"minecraft:cooked_porkchop":3,"minecraft:crafting_table":2,"minecraft:stick":12,"minecraft:wooden_pickaxe":2,"minecraft:stone_pickaxe":2,"minecraft:stone_sword":1,"minecraft:furnace":2,"minecraft:cooked_mutton":2,"minecraft:air":0}},"DataVersion":3953}