{"stats":{"minecraft:used":{"minecraft:cooked_mutton":7,"minecraft:stone_sword":45,"minecraft:stone_pickaxe":155,"minecraft:wooden_pickaxe":41,"minecraft:rotten_flesh":2,"minecraft:white_wool":2,"minecraft:torch":30,"minecraft:dirt":57,"minecraft:crafting_table":3,"minecraft:granite":9,"minecraft:iron_pickaxe":5,"minecraft:cobblestone":41,"minecraft:furnace":3,"minecraft:cooked_porkchop":3},"minecraft:killed_by":{"minecraft:spider":1,"minecraft:zombie":4,"minecraft:enderman":1},"minecraft:killed":{"minecraft:pig":4,"minecraft:spider":2,"minecraft:sheep":2,"minecraft:skeleton":1,"minecraft:zombie":3,"minecraft:chicken":1},"minecraft:dropped":{"minecraft:wheat_seeds":1,"minecraft:stone_pickaxe":1},"minecraft:custom":{"minecraft:interact_with_furnace":17,"minecraft:mob_kills":13,"minecraft:interact_with_crafting_table":14,"minecraft:time_since_death":3687,"minecraft:time_since_rest":3755,"minecraft:sprint_one_cm":165233,"minecraft:damage_taken":2615,"minecraft:walk_one_cm":162826,"minecraft:drop":2,"minecraft:damage_dealt":2191,"minecraft:fly_one_cm":149949,"minecraft:crouch_one_cm":4083,"minecraft:play_time":58838,"minecraft:deaths":7,"minecraft:sneak_time":2073,"minecraft:walk_under_water_one_cm":2346,"minecraft:jump":1104,"minecraft:walk_on_water_one_cm":3304,"minecraft:total_world_time":58838,"minecraft:fall_one_cm":32142},"minecraft:mined":{"minecraft:granite":9,"minecraft:short_grass":7,"minecraft:grass_block":9,"minecraft:tall_grass":3,"minecraft:copper_ore":1,"minecraft:diorite":2,"minecraft:iron_ore":35,"minecraft:andesite":2,"minecraft:coal_ore":28,"minecraft:oak_log":18,"minecraft:dirt":55,"minecraft:stone":98,"minecraft:white_wool":2,"minecraft:oak_leaves":6},"minecraft:picked_up":{"minecraft:feather":4,"minecraft:chicken":3,"minecraft:andesite":2,"minecraft:wooden_pickaxe":2,"minecraft:oak_log":18,"minecraft:dirt":77,"minecraft:raw_copper":5,"minecraft:cooked_mutton":6,"minecraft:bone":2,"minecraft:wheat_seeds":4,"minecraft:stone_pickaxe":3,"minecraft:oak_planks":52,"minecraft:raw_iron":36,"minecraft:torch":11,"minecraft:porkchop":8,"minecraft:diorite":2,"minecraft:stone_sword":1,"minecraft:arrow":1,"minecraft:rotten_flesh":4,"minecraft:granite":9,"minecraft:mutton":3,"minecraft:coal":55,"minecraft:white_wool":8,"minecraft:cobblestone":122},"minecraft:crafted":{"minecraft:oak_planks":72,"minecraft:cooked_porkchop":3,"minecraft:crafting_table":3,"minecraft:wooden_pickaxe":2,"minecraft:iron_sword":1,"minecraft:furnace":3,"minecraft:cooked_mutton":8,"minecraft:air":0,"minecraft:iron_boots":1,"minecraft:stick":20,"minecraft:iron_ingot":9,"minecraft:iron_pickaxe":1,"minecraft:stone_pickaxe":2,"minecraft:stone_sword":1,"minecraft:torch":28}},"DataVersion":3953}