{"stats":{"minecraft:used":{"minecraft:cobblestone":12,"minecraft:crafting_table":1,"minecraft:stone_pickaxe":43,"minecraft:wooden_pickaxe":3},"minecraft:custom":{"minecraft:time_since_rest":10838,"minecraft:crouch_one_cm":1356,"minecraft:play_time":10838,"minecraft:sprint_one_cm":20307,"minecraft:walk_one_cm":16622,"minecraft:sneak_time":500,"minecraft:walk_under_water_one_cm":2265,"minecraft:jump":125,"minecraft:walk_on_water_one_cm":2064,"minecraft:time_since_death":10838,"minecraft:total_world_time":10838,"minecraft:interact_with_crafting_table":2,"minecraft:fall_one_cm":3609,"minecraft:fly_one_cm":17665},"minecraft:mined":{"minecraft:short_grass":1,"minecraft:coal_ore":16,"minecraft:oak_log":7,"minecraft:dirt":2,"minecraft:iron_ore":1,"minecraft:stone":29,"minecraft:oak_leaves":1},"minecraft:picked_up":{"minecraft:raw_iron":1,"minecraft:oak_log":7,"minecraft:dirt":1,"minecraft:coal":16,"minecraft:cobblestone":29},"minecraft:crafted":{"minecraft:oak_planks":28,"minecraft:crafting_table":1,"minecraft:stick":4,"minecraft:wooden_pickaxe":1,"minecraft:stone_pickaxe":1}},"DataVersion":3953}