{"stats":{"minecraft:used":{"minecraft:beetroot":1,"minecraft:stone_shovel":585,"minecraft:chest":4,"minecraft:iron_sword":9,"minecraft:cooked_chicken":8,"minecraft:torch":15,"minecraft:dirt":313,"minecraft:wheat":3,"minecraft:carrot":9,"minecraft:granite":3,"minecraft:light_gray_wool":1,"minecraft:furnace":5,"minecraft:oak_sapling":1,"minecraft:beetroot_seeds":2,"minecraft:light_gray_bed":1,"minecraft:cooked_mutton":2,"minecraft:diorite":8,"minecraft:cobblestone_stairs":37,"minecraft:birch_planks":24,"minecraft:stone_pickaxe":484,"minecraft:oak_planks":34,"minecraft:wooden_pickaxe":17,"minecraft:white_wool":6,"minecraft:crafting_table":6,"minecraft:red_bed":2,"minecraft:oak_log":5,"minecraft:apple":3,"minecraft:iron_pickaxe":36,"minecraft:spruce_sapling":1,"minecraft:gravel":65,"minecraft:stone_axe":151,"minecraft:pink_petals":115,"minecraft:cobblestone":22,"minecraft:cooked_porkchop":1,"minecraft:andesite":1},"minecraft:killed_by":{"minecraft:player":1,"minecraft:drowned":3,"minecraft:zombie":1},"minecraft:killed":{"minecraft:spider":1,"minecraft:chicken":7,"minecraft:pig":2,"minecraft:sheep":10,"minecraft:zombie":1,"minecraft:cow":4},"minecraft:dropped":{"minecraft:porkchop":1,"minecraft:feather":6,"minecraft:cobblestone":6,"minecraft:flint":2,"minecraft:oxeye_daisy":2,"minecraft:dirt":149,"minecraft:cornflower":2,"minecraft:pink_petals":6,"minecraft:white_wool":1,"minecraft:dandelion":1,"minecraft:raw_copper":34,"minecraft:azure_bluet":2,"minecraft:stone_pickaxe":1,"minecraft:wooden_pickaxe":2},"minecraft:broken":{"minecraft:stone_pickaxe":2,"minecraft:stone_axe":1,"minecraft:stone_shovel":4},"minecraft:custom":{"minecraft:mob_kills":25,"minecraft:interact_with_crafting_table":29,"minecraft:leave_game":1,"minecraft:time_since_death":70790,"minecraft:sprint_one_cm":183779,"minecraft:walk_one_cm":263547,"minecraft:drop":48,"minecraft:play_time":148598,"minecraft:deaths":5,"minecraft:sneak_time":5117,"minecraft:walk_under_water_one_cm":34469,"minecraft:jump":1359,"minecraft:walk_on_water_one_cm":45326,"minecraft:total_world_time":148598,"minecraft:interact_with_furnace":28,"minecraft:sleep_in_bed":2,"minecraft:time_since_rest":57472,"minecraft:damage_taken":2292,"minecraft:damage_dealt":2659,"minecraft:player_kills":1,"minecraft:swim_one_cm":57303,"minecraft:fly_one_cm":228409,"minecraft:open_chest":29,"minecraft:crouch_one_cm":12976,"minecraft:fall_one_cm":38194},"minecraft:mined":{"minecraft:cherry_log":19,"minecraft:cobblestone_stairs":3,"minecraft:granite":3,"minecraft:grass_block":181,"minecraft:light_gray_bed":1,"minecraft:oxeye_daisy":2,"minecraft:large_fern":4,"minecraft:furnace":4,"minecraft:carrots":24,"minecraft:iron_ore":6,"minecraft:andesite":1,"minecraft:azure_bluet":2,"minecraft:potatoes":8,"minecraft:stone":440,"minecraft:red_bed":2,"minecraft:dandelion":3,"minecraft:crafting_table":7,"minecraft:cornflower":2,"minecraft:torch":13,"minecraft:short_grass":112,"minecraft:poppy":20,"minecraft:chest":4,"minecraft:cobblestone":1,"minecraft:tall_grass":12,"minecraft:copper_ore":6,"minecraft:diorite":8,"minecraft:wall_torch":20,"minecraft:pink_petals":94,"minecraft:birch_log":6,"minecraft:wheat":32,"minecraft:birch_leaves":2,"minecraft:oak_log":76,"minecraft:coal_ore":31,"minecraft:beetroots":1,"minecraft:gravel":22,"minecraft:sand":10,"minecraft:dirt":401,"minecraft:oak_leaves":17},"minecraft:picked_up":{"minecraft:crafting_table":6,"minecraft:wheat":3,"minecraft:azure_bluet":4,"minecraft:chicken":13,"minecraft:brown_mushroom":3,"minecraft:wooden_pickaxe":2,"minecraft:cornflower":2,"minecraft:string":4,"minecraft:red_bed":2,"minecraft:raw_copper":34,"minecraft:beetroot":1,"minecraft:beef":8,"minecraft:red_dye":6,"minecraft:poppy":20,"minecraft:light_gray_wool":3,"minecraft:chest":4,"minecraft:birch_sapling":4,"minecraft:furnace":4,"minecraft:stick":32,"minecraft:raw_iron":6,"minecraft:torch":49,"minecraft:porkchop":4,"minecraft:cherry_log":19,"minecraft:diorite":8,"minecraft:carrot":24,"minecraft:rotten_flesh":3,"minecraft:light_gray_bed":1,"minecraft:stone_shovel":1,"minecraft:beetroot_seeds":2,"minecraft:mutton":17,"minecraft:white_wool":12,"minecraft:cobblestone":481,"minecraft:oxeye_daisy":2,"minecraft:birch_log":18,"minecraft:pink_petals":109,"minecraft:feather":17,"minecraft:andesite":1,"minecraft:leather":4,"minecraft:potato":11,"minecraft:flint":5,"minecraft:oak_log":76,"minecraft:cobblestone_stairs":137,"minecraft:dirt":591,"minecraft:cooked_mutton":2,"minecraft:wheat_seeds":36,"minecraft:stone_pickaxe":1,"minecraft:iron_ingot":4,"minecraft:cooked_chicken":4,"minecraft:oak_planks":451,"minecraft:cooked_porkchop":1,"minecraft:dandelion":1,"minecraft:gravel":65,"minecraft:sand":10,"minecraft:spruce_sapling":1,"minecraft:stone_axe":2,"minecraft:granite":3,"minecraft:cherry_sapling":2,"minecraft:oak_sapling":30,"minecraft:netherrack":1,"minecraft:coal":60},"minecraft:crafted":{"minecraft:oak_planks":292,"minecraft:stone_shovel":10,"minecraft:cooked_chicken":8,"minecraft:furnace":3,"minecraft:light_gray_wool":2,"minecraft:cobblestone_stairs":104,"minecraft:cooked_mutton":3,"minecraft:stone_pickaxe":5,"minecraft:chest":3,"minecraft:red_dye":9,"minecraft:cooked_porkchop":3,"minecraft:crafting_table":2,"minecraft:wooden_pickaxe":2,"minecraft:iron_sword":1,"minecraft:red_bed":1,"minecraft:red_wool":3,"minecraft:birch_planks":24,"minecraft:stone_axe":4,"minecraft:air":0,"minecraft:light_gray_bed":1,"minecraft:shield":1,"minecraft:stick":60,"minecraft:iron_ingot":6,"minecraft:iron_pickaxe":1,"minecraft:light_gray_dye":2,"minecraft:torch":16}},"DataVersion":3953}