{"stats":{"minecraft:used":{"minecraft:cooked_mutton":2,"minecraft:diorite":8,"minecraft:cobblestone_stairs":37,"minecraft:birch_planks":24,"minecraft:stone_shovel":584,"minecraft:stone_pickaxe":484,"minecraft:oak_planks":34,"minecraft:chest":4,"minecraft:wooden_pickaxe":17,"minecraft:cooked_chicken":8,"minecraft:white_wool":2,"minecraft:torch":12,"minecraft:dirt":313,"minecraft:crafting_table":5,"minecraft:red_bed":2,"minecraft:granite":3,"minecraft:oak_log":5,"minecraft:apple":1,"minecraft:iron_pickaxe":9,"minecraft:gravel":65,"minecraft:stone_axe":127,"minecraft:cobblestone":21,"minecraft:oak_sapling":1,"minecraft:furnace":5,"minecraft:cooked_porkchop":1,"minecraft:andesite":1,"minecraft:light_gray_bed":1},"minecraft:killed_by":{"minecraft:player":1,"minecraft:zombie":1,"minecraft:drowned":3},"minecraft:dropped":{"minecraft:raw_copper":34,"minecraft:feather":6,"minecraft:cobblestone":6,"minecraft:azure_bluet":2,"minecraft:flint":2,"minecraft:oxeye_daisy":2,"minecraft:cornflower":2,"minecraft:wooden_pickaxe":2,"minecraft:dandelion":1},"minecraft:killed":{"minecraft:pig":1,"minecraft:spider":1,"minecraft:sheep":8,"minecraft:zombie":1,"minecraft:chicken":7},"minecraft:custom":{"minecraft:interact_with_furnace":28,"minecraft:mob_kills":18,"minecraft:interact_with_crafting_table":27,"minecraft:leave_game":1,"minecraft:time_since_death":46790,"minecraft:sleep_in_bed":2,"minecraft:time_since_rest":33472,"minecraft:sprint_one_cm":119440,"minecraft:damage_taken":1962,"minecraft:walk_one_cm":219991,"minecraft:drop":40,"minecraft:damage_dealt":1998,"minecraft:swim_one_cm":57303,"minecraft:fly_one_cm":124159,"minecraft:player_kills":1,"minecraft:open_chest":27,"minecraft:crouch_one_cm":12976,"minecraft:play_time":124598,"minecraft:deaths":5,"minecraft:sneak_time":5065,"minecraft:walk_under_water_one_cm":34256,"minecraft:jump":882,"minecraft:walk_on_water_one_cm":43384,"minecraft:total_world_time":124598,"minecraft:fall_one_cm":17521},"minecraft:broken":{"minecraft:stone_pickaxe":2,"minecraft:stone_shovel":4},"minecraft:mined":{"minecraft:red_bed":2,"minecraft:cobblestone_stairs":3,"minecraft:dandelion":3,"minecraft:torch":3,"minecraft:crafting_table":6,"minecraft:cornflower":2,"minecraft:granite":3,"minecraft:short_grass":65,"minecraft:grass_block":181,"minecraft:poppy":20,"minecraft:chest":4,"minecraft:light_gray_bed":1,"minecraft:copper_ore":6,"minecraft:tall_grass":12,"minecraft:oxeye_daisy":2,"minecraft:diorite":8,"minecraft:wall_torch":13,"minecraft:large_fern":4,"minecraft:furnace":4,"minecraft:birch_log":6,"minecraft:iron_ore":6,"minecraft:andesite":1,"minecraft:birch_leaves":2,"minecraft:azure_bluet":2,"minecraft:coal_ore":25,"minecraft:oak_log":76,"minecraft:sand":10,"minecraft:gravel":22,"minecraft:dirt":401,"minecraft:stone":440,"minecraft:oak_leaves":17},"minecraft:picked_up":{"minecraft:birch_log":18,"minecraft:crafting_table":5,"minecraft:feather":17,"minecraft:azure_bluet":4,"minecraft:chicken":13,"minecraft:andesite":1,"minecraft:brown_mushroom":3,"minecraft:wooden_pickaxe":2,"minecraft:flint":5,"minecraft:oak_log":76,"minecraft:cobblestone_stairs":137,"minecraft:string":4,"minecraft:dirt":591,"minecraft:cornflower":2,"minecraft:red_bed":2,"minecraft:raw_copper":34,"minecraft:cooked_mutton":2,"minecraft:wheat_seeds":9,"minecraft:cooked_chicken":4,"minecraft:iron_ingot":4,"minecraft:red_dye":6,"minecraft:stone_pickaxe":1,"minecraft:poppy":20,"minecraft:light_gray_wool":3,"minecraft:chest":4,"minecraft:birch_sapling":4,"minecraft:oak_planks":451,"minecraft:furnace":4,"minecraft:stick":32,"minecraft:raw_iron":6,"minecraft:cooked_porkchop":1,"minecraft:torch":34,"minecraft:dandelion":1,"minecraft:gravel":65,"minecraft:porkchop":3,"minecraft:sand":10,"minecraft:spruce_sapling":1,"minecraft:diorite":8,"minecraft:light_gray_bed":1,"minecraft:stone_shovel":1,"minecraft:rotten_flesh":3,"minecraft:stone_axe":2,"minecraft:granite":3,"minecraft:oak_sapling":30,"minecraft:netherrack":1,"minecraft:mutton":14,"minecraft:coal":55,"minecraft:white_wool":10,"minecraft:cobblestone":480,"minecraft:oxeye_daisy":2},"minecraft:crafted":{"minecraft:red_dye":9,"minecraft:oak_planks":292,"minecraft:stone_shovel":10,"minecraft:cooked_porkchop":3,"minecraft:crafting_table":1,"minecraft:wooden_pickaxe":2,"minecraft:cooked_chicken":8,"minecraft:red_bed":1,"minecraft:furnace":3,"minecraft:red_wool":3,"minecraft:light_gray_wool":2,"minecraft:cobblestone_stairs":104,"minecraft:birch_planks":24,"minecraft:stone_axe":2,"minecraft:cooked_mutton":3,"minecraft:air":0,"minecraft:light_gray_bed":1,"minecraft:shield":1,"minecraft:stick":48,"minecraft:iron_pickaxe":1,"minecraft:iron_ingot":6,"minecraft:stone_pickaxe":5,"minecraft:chest":3,"minecraft:light_gray_dye":2,"minecraft:torch":16}},"DataVersion":3953}