{"stats":{"minecraft:used":{"minecraft:cooked_mutton":2,"minecraft:diorite":4,"minecraft:cobblestone_stairs":36,"minecraft:stone_pickaxe":216,"minecraft:oak_planks":2,"minecraft:chest":4,"minecraft:wooden_pickaxe":17,"minecraft:torch":4,"minecraft:crafting_table":2,"minecraft:red_bed":2,"minecraft:granite":2,"minecraft:gravel":11,"minecraft:stone_axe":11,"minecraft:cobblestone":12,"minecraft:furnace":1,"minecraft:andesite":1,"minecraft:light_gray_bed":1},"minecraft:killed_by":{"minecraft:zombie":1,"minecraft:drowned":1},"minecraft:killed":{"minecraft:spider":1,"minecraft:sheep":3,"minecraft:zombie":1},"minecraft:dropped":{"minecraft:cobblestone":6,"minecraft:azure_bluet":2,"minecraft:flint":2,"minecraft:oxeye_daisy":2,"minecraft:cornflower":2,"minecraft:dandelion":1},"minecraft:custom":{"minecraft:interact_with_furnace":14,"minecraft:mob_kills":5,"minecraft:interact_with_crafting_table":19,"minecraft:time_since_death":52320,"minecraft:sleep_in_bed":1,"minecraft:time_since_rest":35744,"minecraft:sprint_one_cm":40427,"minecraft:damage_taken":655,"minecraft:walk_one_cm":68840,"minecraft:drop":15,"minecraft:damage_dealt":676,"minecraft:swim_one_cm":6775,"minecraft:fly_one_cm":61101,"minecraft:open_chest":11,"minecraft:crouch_one_cm":2993,"minecraft:play_time":67155,"minecraft:deaths":2,"minecraft:sneak_time":1442,"minecraft:walk_under_water_one_cm":8455,"minecraft:jump":380,"minecraft:walk_on_water_one_cm":11155,"minecraft:total_world_time":67155,"minecraft:fall_one_cm":8672},"minecraft:broken":{"minecraft:stone_pickaxe":1},"minecraft:mined":{"minecraft:red_bed":2,"minecraft:cobblestone_stairs":3,"minecraft:dandelion":3,"minecraft:torch":1,"minecraft:crafting_table":2,"minecraft:cornflower":2,"minecraft:granite":3,"minecraft:short_grass":9,"minecraft:grass_block":1,"minecraft:poppy":14,"minecraft:chest":1,"minecraft:tall_grass":1,"minecraft:wall_torch":2,"minecraft:diorite":8,"minecraft:oxeye_daisy":2,"minecraft:furnace":1,"minecraft:iron_ore":2,"minecraft:andesite":1,"minecraft:birch_leaves":2,"minecraft:azure_bluet":2,"minecraft:coal_ore":7,"minecraft:oak_log":8,"minecraft:gravel":13,"minecraft:stone":204,"minecraft:oak_leaves":5},"minecraft:picked_up":{"minecraft:crafting_table":2,"minecraft:feather":11,"minecraft:azure_bluet":4,"minecraft:chicken":6,"minecraft:andesite":1,"minecraft:brown_mushroom":3,"minecraft:wooden_pickaxe":2,"minecraft:flint":3,"minecraft:oak_log":8,"minecraft:cobblestone_stairs":3,"minecraft:string":4,"minecraft:cornflower":2,"minecraft:dirt":1,"minecraft:red_bed":2,"minecraft:cooked_mutton":2,"minecraft:wheat_seeds":2,"minecraft:red_dye":6,"minecraft:stone_pickaxe":1,"minecraft:poppy":11,"minecraft:light_gray_wool":2,"minecraft:chest":1,"minecraft:birch_sapling":3,"minecraft:oak_planks":71,"minecraft:furnace":1,"minecraft:stick":2,"minecraft:raw_iron":2,"minecraft:cooked_porkchop":1,"minecraft:torch":4,"minecraft:dandelion":1,"minecraft:gravel":11,"minecraft:diorite":8,"minecraft:rotten_flesh":3,"minecraft:stone_axe":1,"minecraft:granite":3,"minecraft:oak_sapling":10,"minecraft:coal":7,"minecraft:netherrack":1,"minecraft:mutton":4,"minecraft:white_wool":4,"minecraft:cobblestone":219,"minecraft:oxeye_daisy":2},"minecraft:crafted":{"minecraft:red_dye":9,"minecraft:oak_planks":44,"minecraft:crafting_table":1,"minecraft:cooked_chicken":6,"minecraft:wooden_pickaxe":2,"minecraft:red_bed":1,"minecraft:furnace":1,"minecraft:red_wool":3,"minecraft:light_gray_wool":2,"minecraft:cobblestone_stairs":104,"minecraft:stone_axe":2,"minecraft:cooked_mutton":3,"minecraft:air":0,"minecraft:light_gray_bed":1,"minecraft:stick":32,"minecraft:iron_ingot":2,"minecraft:stone_pickaxe":3,"minecraft:chest":3,"minecraft:light_gray_dye":2,"minecraft:torch":16}},"DataVersion":3953}