{"stats":{"minecraft:used":{"minecraft:beetroot":1,"minecraft:cherry_sapling":3,"minecraft:flint_and_steel":59,"minecraft:polished_deepslate":39,"minecraft:spruce_slab":3,"minecraft:stone_shovel":780,"minecraft:chest":12,"minecraft:spruce_planks":120,"minecraft:shield":12,"minecraft:iron_sword":19,"minecraft:stone_hoe":90,"minecraft:cooked_chicken":13,"minecraft:oak_door":3,"minecraft:torch":26,"minecraft:dirt":522,"minecraft:mutton":2,"minecraft:wheat":3,"minecraft:carrot":13,"minecraft:cobblestone_wall":22,"minecraft:granite":24,"minecraft:light_gray_wool":1,"minecraft:oak_sapling":1,"minecraft:furnace":13,"minecraft:beetroot_seeds":2,"minecraft:egg":1,"minecraft:potato":17,"minecraft:cooked_beef":2,"minecraft:cobbled_deepslate":1,"minecraft:cherry_log":11,"minecraft:pumpkin":6,"minecraft:light_gray_bed":1,"minecraft:wheat_seeds":122,"minecraft:cooked_mutton":2,"minecraft:water_bucket":61,"minecraft:diorite":9,"minecraft:cobblestone_stairs":40,"minecraft:birch_planks":24,"minecraft:stone_pickaxe":1012,"minecraft:oak_planks":46,"minecraft:baked_potato":8,"minecraft:cherry_planks":48,"minecraft:wooden_pickaxe":20,"minecraft:composter":2,"minecraft:leather_boots":1,"minecraft:cobblestone_slab":8,"minecraft:white_wool":7,"minecraft:crafting_table":16,"minecraft:red_bed":2,"minecraft:pumpkin_seeds":20,"minecraft:spruce_log":11,"minecraft:oak_log":5,"minecraft:apple":3,"minecraft:iron_pickaxe":36,"minecraft:lectern":14,"minecraft:spruce_trapdoor":2,"minecraft:spruce_sapling":18,"minecraft:gravel":65,"minecraft:stone_axe":403,"minecraft:pink_petals":115,"minecraft:cobblestone":162,"minecraft:purple_bed":5,"minecraft:grindstone":1,"minecraft:cooked_porkchop":1,"minecraft:bucket":61,"minecraft:andesite":1,"minecraft:oak_boat":1},"minecraft:killed_by":{"minecraft:player":2,"minecraft:drowned":3,"minecraft:skeleton":2,"minecraft:zombie":1},"minecraft:killed":{"minecraft:spider":1,"minecraft:bee":1,"minecraft:chicken":7,"minecraft:pig":2,"minecraft:sheep":11,"minecraft:zombie":2,"minecraft:villager":3,"minecraft:cow":4},"minecraft:dropped":{"minecraft:porkchop":1,"minecraft:wheat_seeds":4,"minecraft:feather":6,"minecraft:cobblestone":7,"minecraft:fletching_table":1,"minecraft:stick":82,"minecraft:flint":2,"minecraft:cobblestone_stairs":4,"minecraft:oxeye_daisy":2,"minecraft:dirt":149,"minecraft:torch":12,"minecraft:cornflower":2,"minecraft:pink_petals":6,"minecraft:white_wool":1,"minecraft:spruce_sapling":7,"minecraft:dandelion":1,"minecraft:oak_door":1,"minecraft:raw_copper":34,"minecraft:stone_shovel":4,"minecraft:azure_bluet":2,"minecraft:carrot":11,"minecraft:poppy":2,"minecraft:oak_boat":1,"minecraft:wooden_pickaxe":3,"minecraft:stone_pickaxe":2,"minecraft:lectern":1},"minecraft:broken":{"minecraft:stone_pickaxe":5,"minecraft:stone_axe":3,"minecraft:stone_shovel":5},"minecraft:custom":{"minecraft:mob_kills":31,"minecraft:interact_with_crafting_table":68,"minecraft:bell_ring":24,"minecraft:leave_game":3,"minecraft:time_since_death":14824,"minecraft:sprint_one_cm":423119,"minecraft:walk_one_cm":913719,"minecraft:damage_blocked_by_shield":267,"minecraft:drop":80,"minecraft:talked_to_villager":41,"minecraft:play_time":329676,"minecraft:deaths":10,"minecraft:sneak_time":10848,"minecraft:walk_under_water_one_cm":56284,"minecraft:boat_one_cm":88320,"minecraft:jump":3417,"minecraft:walk_on_water_one_cm":54034,"minecraft:total_world_time":329676,"minecraft:interact_with_furnace":51,"minecraft:traded_with_villager":20,"minecraft:sleep_in_bed":4,"minecraft:time_since_rest":14858,"minecraft:damage_taken":4790,"minecraft:damage_dealt":3952,"minecraft:player_kills":1,"minecraft:swim_one_cm":72113,"minecraft:fly_one_cm":398777,"minecraft:open_chest":78,"minecraft:crouch_one_cm":25336,"minecraft:fall_one_cm":82032},"minecraft:mined":{"minecraft:attached_pumpkin_stem":1,"minecraft:spruce_planks":39,"minecraft:oak_door":1,"minecraft:cobblestone_stairs":6,"minecraft:cherry_log":48,"minecraft:cherry_sapling":2,"minecraft:jack_o_lantern":1,"minecraft:spruce_trapdoor":1,"minecraft:granite":52,"minecraft:grass_block":229,"minecraft:light_gray_bed":1,"minecraft:spruce_leaves":20,"minecraft:composter":2,"minecraft:oxeye_daisy":2,"minecraft:large_fern":11,"minecraft:spruce_sapling":1,"minecraft:furnace":10,"minecraft:carrots":24,"minecraft:fire":7,"minecraft:iron_ore":13,"minecraft:cobbled_deepslate":1,"minecraft:andesite":1,"minecraft:pumpkin":9,"minecraft:azure_bluet":2,"minecraft:potatoes":12,"minecraft:cobblestone_slab":3,"minecraft:dirt_path":61,"minecraft:stone":769,"minecraft:spruce_slab":3,"minecraft:podzol":12,"minecraft:cherry_planks":17,"minecraft:red_bed":2,"minecraft:dandelion":4,"minecraft:crafting_table":16,"minecraft:cornflower":2,"minecraft:torch":29,"minecraft:short_grass":721,"minecraft:poppy":69,"minecraft:chest":8,"minecraft:lectern":13,"minecraft:cobblestone":51,"minecraft:tall_grass":72,"minecraft:copper_ore":14,"minecraft:grindstone":1,"minecraft:diorite":19,"minecraft:wall_torch":39,"minecraft:pink_petals":94,"minecraft:purple_bed":5,"minecraft:cobblestone_wall":2,"minecraft:birch_log":6,"minecraft:wheat":51,"minecraft:sweet_berry_bush":2,"minecraft:spruce_log":113,"minecraft:birch_leaves":5,"minecraft:pumpkin_stem":5,"minecraft:bee_nest":1,"minecraft:coal_ore":32,"minecraft:oak_log":86,"minecraft:beetroots":1,"minecraft:gravel":22,"minecraft:sand":18,"minecraft:dirt":539,"minecraft:oak_leaves":18,"minecraft:deepslate":50,"minecraft:fern":19},"minecraft:picked_up":{"minecraft:crafting_table":15,"minecraft:wheat":35,"minecraft:azure_bluet":4,"minecraft:chicken":13,"minecraft:brown_mushroom":3,"minecraft:wooden_pickaxe":3,"minecraft:shield":4,"minecraft:polished_deepslate":104,"minecraft:cornflower":2,"minecraft:string":4,"minecraft:red_bed":2,"minecraft:raw_copper":58,"minecraft:flint_and_steel":2,"minecraft:beetroot":1,"minecraft:cobbled_deepslate":183,"minecraft:spruce_planks":62,"minecraft:beef":8,"minecraft:red_dye":6,"minecraft:oak_boat":2,"minecraft:cobblestone_slab":3,"minecraft:spruce_slab":4,"minecraft:poppy":64,"minecraft:light_gray_wool":3,"minecraft:lectern":15,"minecraft:sugar_cane":6,"minecraft:chest":8,"minecraft:birch_sapling":4,"minecraft:spruce_trapdoor":2,"minecraft:furnace":10,"minecraft:egg":1,"minecraft:stick":40,"minecraft:raw_iron":13,"minecraft:oak_door":2,"minecraft:composter":2,"minecraft:torch":88,"minecraft:porkchop":4,"minecraft:cherry_log":66,"minecraft:diorite":19,"minecraft:carrot":24,"minecraft:stone_sword":2,"minecraft:stone_shovel":8,"minecraft:light_gray_bed":1,"minecraft:rotten_flesh":3,"minecraft:beetroot_seeds":2,"minecraft:mutton":19,"minecraft:white_wool":13,"minecraft:cobblestone":1072,"minecraft:oxeye_daisy":2,"minecraft:birch_log":18,"minecraft:pink_petals":109,"minecraft:feather":17,"minecraft:clock":2,"minecraft:cooked_beef":12,"minecraft:cherry_planks":17,"minecraft:water_bucket":3,"minecraft:andesite":1,"minecraft:leather":4,"minecraft:potato":37,"minecraft:flint":5,"minecraft:oak_log":86,"minecraft:cobblestone_wall":3,"minecraft:cobblestone_stairs":140,"minecraft:dirt":973,"minecraft:cooked_mutton":9,"minecraft:grindstone":1,"minecraft:bow":2,"minecraft:wheat_seeds":264,"minecraft:iron_ingot":5,"minecraft:stone_pickaxe":6,"minecraft:cooked_chicken":7,"minecraft:fletching_table":1,"minecraft:iron_sword":2,"minecraft:oak_planks":480,"minecraft:cooked_porkchop":1,"minecraft:pumpkin":9,"minecraft:sweet_berries":3,"minecraft:dandelion":2,"minecraft:gravel":68,"minecraft:sand":28,"minecraft:spruce_sapling":32,"minecraft:ink_sac":5,"minecraft:spruce_log":118,"minecraft:spruce_door":1,"minecraft:pumpkin_seeds":9,"minecraft:purple_bed":5,"minecraft:stone_axe":6,"minecraft:bone_meal":2,"minecraft:granite":52,"minecraft:cherry_sapling":5,"minecraft:bread":24,"minecraft:baked_potato":14,"minecraft:jack_o_lantern":1,"minecraft:oak_sapling":30,"minecraft:netherrack":1,"minecraft:coal":64},"minecraft:crafted":{"minecraft:cherry_planks":76,"minecraft:oak_door":3,"minecraft:oak_planks":332,"minecraft:cobblestone_slab":6,"minecraft:stone_shovel":11,"minecraft:cherry_wood":12,"minecraft:leather_boots":2,"minecraft:cooked_chicken":13,"minecraft:furnace":6,"minecraft:light_gray_wool":2,"minecraft:cobblestone_stairs":108,"minecraft:cooked_mutton":3,"minecraft:bow":1,"minecraft:polished_deepslate":176,"minecraft:stone_pickaxe":11,"minecraft:cobblestone_wall":60,"minecraft:chest":7,"minecraft:stone_hoe":1,"minecraft:cooked_beef":8,"minecraft:red_dye":10,"minecraft:emerald":19,"minecraft:cooked_porkchop":3,"minecraft:crafting_table":4,"minecraft:spruce_planks":428,"minecraft:baked_potato":12,"minecraft:wooden_pickaxe":3,"minecraft:iron_sword":2,"minecraft:red_bed":1,"minecraft:red_wool":3,"minecraft:pumpkin_seeds":12,"minecraft:birch_planks":24,"minecraft:bucket":1,"minecraft:stone_axe":9,"minecraft:air":0,"minecraft:light_gray_bed":1,"minecraft:oak_boat":1,"minecraft:shield":1,"minecraft:stick":840,"minecraft:iron_ingot":12,"minecraft:iron_pickaxe":1,"minecraft:stone_sword":1,"minecraft:light_gray_dye":2,"minecraft:torch":16}},"DataVersion":3953}