{"stats":{"minecraft:used":{"minecraft:beetroot":1,"minecraft:cherry_sapling":3,"minecraft:spruce_slab":1,"minecraft:stone_shovel":649,"minecraft:chest":4,"minecraft:shield":12,"minecraft:iron_sword":10,"minecraft:cooked_chicken":8,"minecraft:torch":18,"minecraft:dirt":411,"minecraft:mutton":2,"minecraft:wheat":3,"minecraft:cobblestone_wall":22,"minecraft:carrot":13,"minecraft:granite":3,"minecraft:light_gray_wool":1,"minecraft:furnace":7,"minecraft:oak_sapling":1,"minecraft:beetroot_seeds":2,"minecraft:egg":1,"minecraft:cooked_beef":2,"minecraft:pumpkin":6,"minecraft:light_gray_bed":1,"minecraft:cooked_mutton":2,"minecraft:diorite":8,"minecraft:cobblestone_stairs":40,"minecraft:birch_planks":24,"minecraft:stone_pickaxe":571,"minecraft:baked_potato":3,"minecraft:oak_planks":34,"minecraft:wooden_pickaxe":20,"minecraft:cobblestone_slab":8,"minecraft:leather_boots":1,"minecraft:white_wool":6,"minecraft:crafting_table":11,"minecraft:red_bed":2,"minecraft:spruce_log":2,"minecraft:oak_log":5,"minecraft:apple":3,"minecraft:iron_pickaxe":36,"minecraft:spruce_trapdoor":1,"minecraft:spruce_sapling":9,"minecraft:gravel":65,"minecraft:stone_axe":241,"minecraft:pink_petals":115,"minecraft:cobblestone":36,"minecraft:cooked_porkchop":1,"minecraft:andesite":1,"minecraft:oak_boat":1},"minecraft:killed_by":{"minecraft:player":2,"minecraft:drowned":3,"minecraft:zombie":1},"minecraft:killed":{"minecraft:spider":1,"minecraft:bee":1,"minecraft:chicken":7,"minecraft:pig":2,"minecraft:sheep":11,"minecraft:zombie":1,"minecraft:villager":3,"minecraft:cow":4},"minecraft:dropped":{"minecraft:porkchop":1,"minecraft:wheat_seeds":4,"minecraft:feather":6,"minecraft:cobblestone":7,"minecraft:fletching_table":1,"minecraft:cobblestone_stairs":4,"minecraft:stick":26,"minecraft:flint":2,"minecraft:oxeye_daisy":2,"minecraft:dirt":149,"minecraft:torch":12,"minecraft:cornflower":2,"minecraft:pink_petals":6,"minecraft:white_wool":1,"minecraft:spruce_sapling":7,"minecraft:dandelion":1,"minecraft:raw_copper":34,"minecraft:stone_shovel":1,"minecraft:azure_bluet":2,"minecraft:poppy":2,"minecraft:oak_boat":1,"minecraft:stone_pickaxe":1,"minecraft:wooden_pickaxe":3},"minecraft:broken":{"minecraft:stone_pickaxe":2,"minecraft:stone_axe":1,"minecraft:stone_shovel":4},"minecraft:custom":{"minecraft:mob_kills":30,"minecraft:interact_with_crafting_table":53,"minecraft:bell_ring":23,"minecraft:leave_game":1,"minecraft:time_since_death":42341,"minecraft:sprint_one_cm":263135,"minecraft:walk_one_cm":569946,"minecraft:damage_blocked_by_shield":267,"minecraft:drop":72,"minecraft:talked_to_villager":8,"minecraft:play_time":208598,"minecraft:deaths":7,"minecraft:sneak_time":7257,"minecraft:walk_under_water_one_cm":35072,"minecraft:boat_one_cm":88320,"minecraft:jump":2172,"minecraft:walk_on_water_one_cm":47596,"minecraft:total_world_time":208598,"minecraft:interact_with_furnace":48,"minecraft:traded_with_villager":18,"minecraft:sleep_in_bed":2,"minecraft:time_since_rest":42374,"minecraft:damage_taken":3255,"minecraft:damage_dealt":3491,"minecraft:player_kills":1,"minecraft:swim_one_cm":71579,"minecraft:fly_one_cm":312899,"minecraft:open_chest":39,"minecraft:crouch_one_cm":18979,"minecraft:fall_one_cm":62194},"minecraft:mined":{"minecraft:cherry_log":19,"minecraft:cobblestone_stairs":6,"minecraft:cherry_sapling":1,"minecraft:spruce_trapdoor":1,"minecraft:granite":3,"minecraft:grass_block":204,"minecraft:light_gray_bed":1,"minecraft:spruce_leaves":7,"minecraft:oxeye_daisy":2,"minecraft:large_fern":10,"minecraft:spruce_sapling":1,"minecraft:furnace":7,"minecraft:carrots":24,"minecraft:iron_ore":9,"minecraft:andesite":1,"minecraft:pumpkin":6,"minecraft:azure_bluet":2,"minecraft:potatoes":8,"minecraft:cobblestone_slab":3,"minecraft:dirt_path":14,"minecraft:stone":495,"minecraft:spruce_slab":3,"minecraft:red_bed":2,"minecraft:dandelion":4,"minecraft:crafting_table":12,"minecraft:cornflower":2,"minecraft:torch":26,"minecraft:short_grass":720,"minecraft:poppy":69,"minecraft:chest":4,"minecraft:cobblestone":14,"minecraft:tall_grass":72,"minecraft:copper_ore":6,"minecraft:diorite":8,"minecraft:wall_torch":35,"minecraft:pink_petals":94,"minecraft:purple_bed":1,"minecraft:cobblestone_wall":2,"minecraft:birch_log":6,"minecraft:sweet_berry_bush":2,"minecraft:wheat":32,"minecraft:spruce_log":56,"minecraft:birch_leaves":5,"minecraft:bee_nest":1,"minecraft:oak_log":86,"minecraft:coal_ore":31,"minecraft:beetroots":1,"minecraft:gravel":22,"minecraft:sand":10,"minecraft:dirt":416,"minecraft:oak_leaves":18,"minecraft:fern":4},"minecraft:picked_up":{"minecraft:crafting_table":11,"minecraft:wheat":3,"minecraft:azure_bluet":4,"minecraft:chicken":13,"minecraft:brown_mushroom":3,"minecraft:wooden_pickaxe":2,"minecraft:cornflower":2,"minecraft:string":4,"minecraft:red_bed":2,"minecraft:raw_copper":34,"minecraft:beetroot":1,"minecraft:beef":8,"minecraft:red_dye":6,"minecraft:oak_boat":2,"minecraft:cobblestone_slab":3,"minecraft:poppy":62,"minecraft:spruce_slab":3,"minecraft:light_gray_wool":3,"minecraft:chest":4,"minecraft:birch_sapling":4,"minecraft:spruce_trapdoor":2,"minecraft:egg":1,"minecraft:furnace":7,"minecraft:stick":40,"minecraft:raw_iron":9,"minecraft:torch":76,"minecraft:porkchop":4,"minecraft:cherry_log":19,"minecraft:diorite":8,"minecraft:carrot":24,"minecraft:rotten_flesh":3,"minecraft:light_gray_bed":1,"minecraft:stone_shovel":1,"minecraft:beetroot_seeds":2,"minecraft:mutton":19,"minecraft:white_wool":13,"minecraft:cobblestone":572,"minecraft:oxeye_daisy":2,"minecraft:birch_log":18,"minecraft:pink_petals":109,"minecraft:clock":1,"minecraft:feather":17,"minecraft:andesite":1,"minecraft:leather":4,"minecraft:potato":11,"minecraft:flint":5,"minecraft:oak_log":86,"minecraft:cobblestone_wall":2,"minecraft:cobblestone_stairs":140,"minecraft:dirt":643,"minecraft:cooked_mutton":8,"minecraft:wheat_seeds":105,"minecraft:stone_pickaxe":1,"minecraft:iron_ingot":5,"minecraft:cooked_chicken":4,"minecraft:fletching_table":1,"minecraft:oak_planks":480,"minecraft:cooked_porkchop":1,"minecraft:pumpkin":6,"minecraft:sweet_berries":3,"minecraft:dandelion":2,"minecraft:gravel":65,"minecraft:sand":10,"minecraft:spruce_sapling":24,"minecraft:spruce_log":63,"minecraft:purple_bed":1,"minecraft:stone_axe":2,"minecraft:granite":3,"minecraft:cherry_sapling":3,"minecraft:oak_sapling":30,"minecraft:netherrack":1,"minecraft:coal":60},"minecraft:crafted":{"minecraft:oak_planks":332,"minecraft:cobblestone_slab":6,"minecraft:stone_shovel":11,"minecraft:leather_boots":2,"minecraft:cooked_chicken":13,"minecraft:furnace":4,"minecraft:light_gray_wool":2,"minecraft:cobblestone_stairs":108,"minecraft:cooked_mutton":3,"minecraft:bow":1,"minecraft:stone_pickaxe":7,"minecraft:cobblestone_wall":60,"minecraft:chest":3,"minecraft:cooked_beef":8,"minecraft:red_dye":10,"minecraft:emerald":17,"minecraft:cooked_porkchop":3,"minecraft:crafting_table":3,"minecraft:spruce_planks":240,"minecraft:baked_potato":12,"minecraft:wooden_pickaxe":3,"minecraft:iron_sword":2,"minecraft:red_bed":1,"minecraft:red_wool":3,"minecraft:birch_planks":24,"minecraft:stone_axe":7,"minecraft:air":0,"minecraft:light_gray_bed":1,"minecraft:oak_boat":1,"minecraft:shield":1,"minecraft:stick":640,"minecraft:iron_ingot":8,"minecraft:iron_pickaxe":1,"minecraft:light_gray_dye":2,"minecraft:torch":16}},"DataVersion":3953}