{"stats":{"minecraft:used":{"minecraft:wooden_pickaxe":7,"minecraft:crafting_table":1},"minecraft:custom":{"minecraft:jump":64,"minecraft:time_since_rest":7155,"minecraft:crouch_one_cm":151,"minecraft:sprint_one_cm":8983,"minecraft:play_time":7155,"minecraft:time_since_death":7155,"minecraft:walk_one_cm":4105,"minecraft:sneak_time":499,"minecraft:total_world_time":7155,"minecraft:interact_with_crafting_table":2,"minecraft:fall_one_cm":2090,"minecraft:fly_one_cm":20099},"minecraft:mined":{"minecraft:stone":7,"minecraft:oak_log":7},"minecraft:picked_up":{"minecraft:oak_log":7,"minecraft:cobblestone":7},"minecraft:crafted":{"minecraft:crafting_table":1,"minecraft:oak_planks":28,"minecraft:stick":8,"minecraft:wooden_pickaxe":1}},"DataVersion":3953}