{"stats":{"minecraft:used":{"minecraft:cooked_mutton":2,"minecraft:diorite":8,"minecraft:cobblestone_stairs":37,"minecraft:birch_planks":24,"minecraft:stone_shovel":558,"minecraft:stone_pickaxe":467,"minecraft:oak_planks":34,"minecraft:chest":4,"minecraft:wooden_pickaxe":17,"minecraft:cooked_chicken":6,"minecraft:white_wool":1,"minecraft:torch":12,"minecraft:dirt":307,"minecraft:crafting_table":4,"minecraft:red_bed":2,"minecraft:granite":3,"minecraft:oak_log":5,"minecraft:gravel":65,"minecraft:stone_axe":99,"minecraft:cobblestone":12,"minecraft:furnace":4,"minecraft:andesite":1,"minecraft:light_gray_bed":1},"minecraft:killed_by":{"minecraft:player":1,"minecraft:zombie":1,"minecraft:drowned":3},"minecraft:killed":{"minecraft:spider":1,"minecraft:sheep":3,"minecraft:zombie":1},"minecraft:dropped":{"minecraft:cobblestone":6,"minecraft:azure_bluet":2,"minecraft:flint":2,"minecraft:oxeye_daisy":2,"minecraft:cornflower":2,"minecraft:wooden_pickaxe":2,"minecraft:dandelion":1},"minecraft:custom":{"minecraft:interact_with_furnace":21,"minecraft:mob_kills":5,"minecraft:interact_with_crafting_table":24,"minecraft:leave_game":1,"minecraft:time_since_death":34790,"minecraft:sleep_in_bed":2,"minecraft:time_since_rest":21472,"minecraft:sprint_one_cm":84721,"minecraft:damage_taken":1807,"minecraft:walk_one_cm":200743,"minecraft:drop":17,"minecraft:damage_dealt":1198,"minecraft:swim_one_cm":42733,"minecraft:fly_one_cm":89716,"minecraft:player_kills":1,"minecraft:open_chest":25,"minecraft:crouch_one_cm":12283,"minecraft:play_time":112598,"minecraft:deaths":5,"minecraft:sneak_time":4870,"minecraft:walk_under_water_one_cm":32501,"minecraft:jump":640,"minecraft:walk_on_water_one_cm":36134,"minecraft:total_world_time":112598,"minecraft:fall_one_cm":12321},"minecraft:broken":{"minecraft:stone_pickaxe":2,"minecraft:stone_shovel":4},"minecraft:mined":{"minecraft:red_bed":2,"minecraft:cobblestone_stairs":3,"minecraft:dandelion":3,"minecraft:torch":3,"minecraft:crafting_table":5,"minecraft:cornflower":2,"minecraft:granite":3,"minecraft:short_grass":10,"minecraft:grass_block":174,"minecraft:poppy":20,"minecraft:chest":4,"minecraft:light_gray_bed":1,"minecraft:copper_ore":6,"minecraft:tall_grass":1,"minecraft:oxeye_daisy":2,"minecraft:diorite":8,"minecraft:wall_torch":11,"minecraft:furnace":3,"minecraft:birch_log":6,"minecraft:iron_ore":3,"minecraft:andesite":1,"minecraft:birch_leaves":2,"minecraft:azure_bluet":2,"minecraft:coal_ore":7,"minecraft:oak_log":72,"minecraft:gravel":22,"minecraft:dirt":392,"minecraft:stone":437,"minecraft:oak_leaves":13},"minecraft:picked_up":{"minecraft:birch_log":18,"minecraft:crafting_table":5,"minecraft:feather":11,"minecraft:azure_bluet":4,"minecraft:chicken":6,"minecraft:andesite":1,"minecraft:brown_mushroom":3,"minecraft:wooden_pickaxe":2,"minecraft:flint":5,"minecraft:oak_log":72,"minecraft:cobblestone_stairs":137,"minecraft:string":4,"minecraft:dirt":560,"minecraft:cornflower":2,"minecraft:red_bed":2,"minecraft:raw_copper":17,"minecraft:cooked_mutton":2,"minecraft:wheat_seeds":3,"minecraft:cooked_chicken":4,"minecraft:iron_ingot":4,"minecraft:red_dye":6,"minecraft:stone_pickaxe":1,"minecraft:poppy":20,"minecraft:light_gray_wool":2,"minecraft:chest":4,"minecraft:birch_sapling":4,"minecraft:oak_planks":451,"minecraft:furnace":3,"minecraft:stick":30,"minecraft:raw_iron":3,"minecraft:cooked_porkchop":1,"minecraft:torch":32,"minecraft:dandelion":1,"minecraft:gravel":65,"minecraft:diorite":8,"minecraft:light_gray_bed":1,"minecraft:stone_shovel":1,"minecraft:rotten_flesh":3,"minecraft:stone_axe":2,"minecraft:granite":3,"minecraft:oak_sapling":29,"minecraft:netherrack":1,"minecraft:mutton":5,"minecraft:coal":24,"minecraft:white_wool":6,"minecraft:cobblestone":477,"minecraft:oxeye_daisy":2},"minecraft:crafted":{"minecraft:red_dye":9,"minecraft:oak_planks":276,"minecraft:stone_shovel":10,"minecraft:crafting_table":1,"minecraft:wooden_pickaxe":2,"minecraft:cooked_chicken":6,"minecraft:red_bed":1,"minecraft:furnace":3,"minecraft:red_wool":3,"minecraft:light_gray_wool":2,"minecraft:cobblestone_stairs":104,"minecraft:birch_planks":24,"minecraft:stone_axe":2,"minecraft:cooked_mutton":3,"minecraft:air":0,"minecraft:light_gray_bed":1,"minecraft:stick":48,"minecraft:iron_pickaxe":1,"minecraft:iron_ingot":3,"minecraft:stone_pickaxe":5,"minecraft:chest":3,"minecraft:light_gray_dye":2,"minecraft:torch":16}},"DataVersion":3953}