{"stats":{"minecraft:used":{"minecraft:cooked_mutton":2,"minecraft:diorite":8,"minecraft:cobblestone_stairs":37,"minecraft:stone_pickaxe":239,"minecraft:oak_planks":2,"minecraft:chest":4,"minecraft:wooden_pickaxe":17,"minecraft:cooked_chicken":2,"minecraft:torch":6,"minecraft:crafting_table":4,"minecraft:red_bed":2,"minecraft:granite":3,"minecraft:gravel":65,"minecraft:stone_axe":62,"minecraft:cobblestone":12,"minecraft:furnace":4,"minecraft:andesite":1,"minecraft:light_gray_bed":1},"minecraft:killed_by":{"minecraft:zombie":1,"minecraft:drowned":1},"minecraft:killed":{"minecraft:spider":1,"minecraft:sheep":3,"minecraft:zombie":1},"minecraft:dropped":{"minecraft:cobblestone":6,"minecraft:azure_bluet":2,"minecraft:flint":2,"minecraft:oxeye_daisy":2,"minecraft:cornflower":2,"minecraft:dandelion":1},"minecraft:custom":{"minecraft:interact_with_furnace":17,"minecraft:mob_kills":5,"minecraft:interact_with_crafting_table":20,"minecraft:leave_game":1,"minecraft:time_since_death":61763,"minecraft:sleep_in_bed":1,"minecraft:time_since_rest":45187,"minecraft:sprint_one_cm":45926,"minecraft:damage_taken":655,"minecraft:walk_one_cm":91101,"minecraft:drop":15,"minecraft:damage_dealt":841,"minecraft:swim_one_cm":9076,"minecraft:fly_one_cm":65250,"minecraft:open_chest":11,"minecraft:crouch_one_cm":3762,"minecraft:play_time":76598,"minecraft:deaths":2,"minecraft:sneak_time":2120,"minecraft:walk_under_water_one_cm":10113,"minecraft:jump":455,"minecraft:walk_on_water_one_cm":14487,"minecraft:total_world_time":76598,"minecraft:fall_one_cm":9299},"minecraft:broken":{"minecraft:stone_pickaxe":1},"minecraft:mined":{"minecraft:red_bed":2,"minecraft:cobblestone_stairs":3,"minecraft:dandelion":3,"minecraft:torch":1,"minecraft:crafting_table":4,"minecraft:cornflower":2,"minecraft:granite":3,"minecraft:short_grass":9,"minecraft:grass_block":1,"minecraft:poppy":17,"minecraft:chest":1,"minecraft:tall_grass":1,"minecraft:oxeye_daisy":2,"minecraft:diorite":8,"minecraft:wall_torch":5,"minecraft:furnace":2,"minecraft:iron_ore":2,"minecraft:andesite":1,"minecraft:birch_leaves":2,"minecraft:azure_bluet":2,"minecraft:coal_ore":7,"minecraft:oak_log":49,"minecraft:gravel":22,"minecraft:stone":225,"minecraft:oak_leaves":12},"minecraft:picked_up":{"minecraft:crafting_table":4,"minecraft:feather":11,"minecraft:azure_bluet":4,"minecraft:chicken":6,"minecraft:andesite":1,"minecraft:brown_mushroom":3,"minecraft:wooden_pickaxe":2,"minecraft:flint":4,"minecraft:oak_log":49,"minecraft:cobblestone_stairs":3,"minecraft:string":4,"minecraft:dirt":1,"minecraft:cornflower":2,"minecraft:red_bed":2,"minecraft:cooked_mutton":2,"minecraft:wheat_seeds":2,"minecraft:red_dye":6,"minecraft:stone_pickaxe":1,"minecraft:poppy":14,"minecraft:light_gray_wool":2,"minecraft:chest":1,"minecraft:birch_sapling":3,"minecraft:oak_planks":71,"minecraft:furnace":2,"minecraft:stick":2,"minecraft:raw_iron":2,"minecraft:cooked_porkchop":1,"minecraft:torch":7,"minecraft:dandelion":1,"minecraft:gravel":65,"minecraft:diorite":8,"minecraft:rotten_flesh":3,"minecraft:stone_axe":1,"minecraft:granite":3,"minecraft:oak_sapling":13,"minecraft:netherrack":1,"minecraft:mutton":4,"minecraft:coal":16,"minecraft:white_wool":4,"minecraft:cobblestone":240,"minecraft:oxeye_daisy":2},"minecraft:crafted":{"minecraft:red_dye":9,"minecraft:oak_planks":208,"minecraft:crafting_table":1,"minecraft:wooden_pickaxe":2,"minecraft:cooked_chicken":6,"minecraft:red_bed":1,"minecraft:furnace":3,"minecraft:red_wool":3,"minecraft:light_gray_wool":2,"minecraft:cobblestone_stairs":104,"minecraft:stone_axe":2,"minecraft:cooked_mutton":3,"minecraft:air":0,"minecraft:light_gray_bed":1,"minecraft:stick":32,"minecraft:iron_ingot":2,"minecraft:stone_pickaxe":3,"minecraft:chest":3,"minecraft:light_gray_dye":2,"minecraft:torch":16}},"DataVersion":3953}