{"stats":{"minecraft:used":{"minecraft:cooked_mutton":2,"minecraft:stone_pickaxe":35,"minecraft:oak_planks":2,"minecraft:wooden_pickaxe":17,"minecraft:stone_axe":11,"minecraft:crafting_table":2,"minecraft:red_bed":2,"minecraft:furnace":1},"minecraft:killed_by":{"minecraft:drowned":1,"minecraft:zombie":1},"minecraft:killed":{"minecraft:sheep":3,"minecraft:zombie":1,"minecraft:spider":1},"minecraft:dropped":{"minecraft:oxeye_daisy":2,"minecraft:cornflower":2,"minecraft:azure_bluet":2,"minecraft:dandelion":1},"minecraft:custom":{"minecraft:time_since_rest":4351,"minecraft:interact_with_furnace":9,"minecraft:sprint_one_cm":35180,"minecraft:damage_taken":655,"minecraft:walk_one_cm":34524,"minecraft:mob_kills":5,"minecraft:drop":7,"minecraft:damage_dealt":666,"minecraft:swim_one_cm":3964,"minecraft:fly_one_cm":61101,"minecraft:interact_with_crafting_table":9,"minecraft:open_chest":2,"minecraft:deaths":2,"minecraft:crouch_one_cm":604,"minecraft:play_time":19155,"minecraft:sneak_time":724,"minecraft:walk_under_water_one_cm":3270,"minecraft:jump":299,"minecraft:walk_on_water_one_cm":8222,"minecraft:time_since_death":4320,"minecraft:total_world_time":19155,"minecraft:fall_one_cm":8461},"minecraft:mined":{"minecraft:furnace":1,"minecraft:red_bed":2,"minecraft:iron_ore":2,"minecraft:birch_leaves":2,"minecraft:dandelion":3,"minecraft:azure_bluet":2,"minecraft:crafting_table":2,"minecraft:cornflower":2,"minecraft:grass_block":1,"minecraft:short_grass":9,"minecraft:oak_log":8,"minecraft:poppy":14,"minecraft:tall_grass":1,"minecraft:stone":48,"minecraft:oxeye_daisy":2,"minecraft:oak_leaves":5},"minecraft:picked_up":{"minecraft:raw_iron":2,"minecraft:stick":2,"minecraft:crafting_table":2,"minecraft:azure_bluet":4,"minecraft:chicken":6,"minecraft:dandelion":1,"minecraft:wooden_pickaxe":1,"minecraft:oak_log":8,"minecraft:dirt":1,"minecraft:red_bed":2,"minecraft:cornflower":2,"minecraft:string":4,"minecraft:cooked_mutton":2,"minecraft:stone_axe":1,"minecraft:wheat_seeds":2,"minecraft:stone_pickaxe":1,"minecraft:red_dye":6,"minecraft:poppy":11,"minecraft:light_gray_wool":2,"minecraft:oak_sapling":5,"minecraft:oak_planks":71,"minecraft:mutton":4,"minecraft:oxeye_daisy":2,"minecraft:white_wool":4,"minecraft:cobblestone":63,"minecraft:furnace":1},"minecraft:crafted":{"minecraft:red_dye":9,"minecraft:oak_planks":44,"minecraft:crafting_table":1,"minecraft:stick":12,"minecraft:wooden_pickaxe":2,"minecraft:stone_pickaxe":2,"minecraft:red_bed":1,"minecraft:furnace":1,"minecraft:light_gray_dye":2,"minecraft:red_wool":3,"minecraft:light_gray_wool":2,"minecraft:stone_axe":1,"minecraft:air":0,"minecraft:cooked_mutton":3}},"DataVersion":3953}