{"stats":{"minecraft:used":{"minecraft:beetroot":1,"minecraft:cherry_sapling":3,"minecraft:polished_deepslate":27,"minecraft:spruce_slab":3,"minecraft:stone_shovel":649,"minecraft:chest":12,"minecraft:spruce_planks":91,"minecraft:shield":12,"minecraft:iron_sword":16,"minecraft:cooked_chicken":10,"minecraft:oak_door":3,"minecraft:torch":23,"minecraft:dirt":413,"minecraft:mutton":2,"minecraft:wheat":3,"minecraft:carrot":13,"minecraft:cobblestone_wall":22,"minecraft:granite":24,"minecraft:light_gray_wool":1,"minecraft:oak_sapling":1,"minecraft:furnace":13,"minecraft:beetroot_seeds":2,"minecraft:egg":1,"minecraft:cooked_beef":2,"minecraft:cherry_log":11,"minecraft:cobbled_deepslate":1,"minecraft:pumpkin":6,"minecraft:light_gray_bed":1,"minecraft:cooked_mutton":2,"minecraft:water_bucket":56,"minecraft:diorite":8,"minecraft:cobblestone_stairs":40,"minecraft:birch_planks":24,"minecraft:stone_pickaxe":844,"minecraft:oak_planks":46,"minecraft:baked_potato":5,"minecraft:wooden_pickaxe":20,"minecraft:composter":2,"minecraft:cherry_planks":48,"minecraft:leather_boots":1,"minecraft:cobblestone_slab":8,"minecraft:white_wool":7,"minecraft:crafting_table":16,"minecraft:red_bed":2,"minecraft:spruce_log":11,"minecraft:oak_log":5,"minecraft:apple":3,"minecraft:iron_pickaxe":36,"minecraft:lectern":8,"minecraft:spruce_trapdoor":2,"minecraft:spruce_sapling":17,"minecraft:gravel":65,"minecraft:stone_axe":367,"minecraft:pink_petals":115,"minecraft:cobblestone":158,"minecraft:purple_bed":5,"minecraft:cooked_porkchop":1,"minecraft:bucket":57,"minecraft:andesite":1,"minecraft:oak_boat":1},"minecraft:killed_by":{"minecraft:player":2,"minecraft:drowned":3,"minecraft:zombie":1},"minecraft:killed":{"minecraft:spider":1,"minecraft:bee":1,"minecraft:chicken":7,"minecraft:pig":2,"minecraft:sheep":11,"minecraft:zombie":1,"minecraft:villager":3,"minecraft:cow":4},"minecraft:dropped":{"minecraft:porkchop":1,"minecraft:wheat_seeds":4,"minecraft:feather":6,"minecraft:cobblestone":7,"minecraft:fletching_table":1,"minecraft:flint":2,"minecraft:stick":82,"minecraft:cobblestone_stairs":4,"minecraft:oxeye_daisy":2,"minecraft:dirt":149,"minecraft:torch":12,"minecraft:cornflower":2,"minecraft:pink_petals":6,"minecraft:white_wool":1,"minecraft:spruce_sapling":7,"minecraft:dandelion":1,"minecraft:oak_door":1,"minecraft:raw_copper":34,"minecraft:stone_shovel":4,"minecraft:azure_bluet":2,"minecraft:carrot":11,"minecraft:poppy":2,"minecraft:oak_boat":1,"minecraft:wooden_pickaxe":3,"minecraft:stone_pickaxe":2,"minecraft:lectern":1},"minecraft:broken":{"minecraft:stone_pickaxe":4,"minecraft:stone_axe":2,"minecraft:stone_shovel":4},"minecraft:custom":{"minecraft:mob_kills":30,"minecraft:interact_with_crafting_table":65,"minecraft:bell_ring":23,"minecraft:leave_game":2,"minecraft:time_since_death":4503,"minecraft:sprint_one_cm":332918,"minecraft:walk_one_cm":812018,"minecraft:damage_blocked_by_shield":267,"minecraft:drop":80,"minecraft:talked_to_villager":29,"minecraft:play_time":296656,"minecraft:deaths":8,"minecraft:sneak_time":10399,"minecraft:walk_under_water_one_cm":54256,"minecraft:boat_one_cm":88320,"minecraft:jump":2876,"minecraft:walk_on_water_one_cm":49155,"minecraft:total_world_time":296656,"minecraft:interact_with_furnace":51,"minecraft:traded_with_villager":18,"minecraft:sleep_in_bed":3,"minecraft:time_since_rest":4537,"minecraft:damage_taken":4085,"minecraft:damage_dealt":3751,"minecraft:player_kills":1,"minecraft:swim_one_cm":71579,"minecraft:fly_one_cm":331306,"minecraft:open_chest":62,"minecraft:crouch_one_cm":23967,"minecraft:fall_one_cm":74917},"minecraft:mined":{"minecraft:spruce_planks":37,"minecraft:cobblestone_stairs":6,"minecraft:cherry_log":48,"minecraft:cherry_sapling":2,"minecraft:jack_o_lantern":1,"minecraft:spruce_trapdoor":1,"minecraft:granite":26,"minecraft:grass_block":206,"minecraft:light_gray_bed":1,"minecraft:spruce_leaves":7,"minecraft:composter":2,"minecraft:oxeye_daisy":2,"minecraft:large_fern":10,"minecraft:spruce_sapling":1,"minecraft:furnace":10,"minecraft:carrots":24,"minecraft:cobbled_deepslate":1,"minecraft:iron_ore":13,"minecraft:andesite":1,"minecraft:pumpkin":6,"minecraft:azure_bluet":2,"minecraft:potatoes":8,"minecraft:cobblestone_slab":3,"minecraft:dirt_path":14,"minecraft:stone":642,"minecraft:spruce_slab":3,"minecraft:cherry_planks":17,"minecraft:red_bed":2,"minecraft:dandelion":4,"minecraft:crafting_table":16,"minecraft:cornflower":2,"minecraft:torch":26,"minecraft:short_grass":720,"minecraft:poppy":69,"minecraft:chest":8,"minecraft:lectern":7,"minecraft:cobblestone":51,"minecraft:tall_grass":72,"minecraft:copper_ore":12,"minecraft:diorite":8,"minecraft:wall_torch":39,"minecraft:pink_petals":94,"minecraft:purple_bed":5,"minecraft:cobblestone_wall":2,"minecraft:birch_log":6,"minecraft:wheat":32,"minecraft:sweet_berry_bush":2,"minecraft:spruce_log":89,"minecraft:birch_leaves":5,"minecraft:bee_nest":1,"minecraft:coal_ore":31,"minecraft:oak_log":86,"minecraft:beetroots":1,"minecraft:gravel":22,"minecraft:sand":10,"minecraft:dirt":485,"minecraft:oak_leaves":18,"minecraft:deepslate":50,"minecraft:fern":5},"minecraft:picked_up":{"minecraft:crafting_table":15,"minecraft:wheat":10,"minecraft:azure_bluet":4,"minecraft:chicken":13,"minecraft:brown_mushroom":3,"minecraft:wooden_pickaxe":3,"minecraft:shield":2,"minecraft:cornflower":2,"minecraft:string":4,"minecraft:red_bed":2,"minecraft:raw_copper":54,"minecraft:beetroot":1,"minecraft:cobbled_deepslate":183,"minecraft:spruce_planks":60,"minecraft:beef":8,"minecraft:red_dye":6,"minecraft:oak_boat":2,"minecraft:cobblestone_slab":3,"minecraft:spruce_slab":4,"minecraft:poppy":64,"minecraft:light_gray_wool":3,"minecraft:lectern":9,"minecraft:sugar_cane":6,"minecraft:chest":8,"minecraft:birch_sapling":4,"minecraft:spruce_trapdoor":2,"minecraft:furnace":10,"minecraft:egg":1,"minecraft:stick":40,"minecraft:raw_iron":13,"minecraft:oak_door":1,"minecraft:composter":2,"minecraft:torch":84,"minecraft:porkchop":4,"minecraft:cherry_log":66,"minecraft:diorite":8,"minecraft:carrot":24,"minecraft:stone_shovel":6,"minecraft:light_gray_bed":1,"minecraft:rotten_flesh":3,"minecraft:beetroot_seeds":2,"minecraft:mutton":19,"minecraft:white_wool":13,"minecraft:cobblestone":945,"minecraft:oxeye_daisy":2,"minecraft:birch_log":18,"minecraft:pink_petals":109,"minecraft:feather":17,"minecraft:clock":2,"minecraft:cherry_planks":17,"minecraft:water_bucket":1,"minecraft:andesite":1,"minecraft:leather":4,"minecraft:potato":11,"minecraft:flint":5,"minecraft:oak_log":86,"minecraft:cobblestone_wall":3,"minecraft:cobblestone_stairs":140,"minecraft:dirt":745,"minecraft:cooked_mutton":9,"minecraft:wheat_seeds":105,"minecraft:iron_ingot":5,"minecraft:stone_pickaxe":2,"minecraft:cooked_chicken":4,"minecraft:fletching_table":1,"minecraft:oak_planks":480,"minecraft:cooked_porkchop":1,"minecraft:pumpkin":6,"minecraft:sweet_berries":3,"minecraft:dandelion":2,"minecraft:gravel":68,"minecraft:sand":20,"minecraft:spruce_sapling":25,"minecraft:ink_sac":5,"minecraft:spruce_log":94,"minecraft:spruce_door":1,"minecraft:purple_bed":5,"minecraft:stone_axe":2,"minecraft:granite":26,"minecraft:cherry_sapling":5,"minecraft:bread":24,"minecraft:jack_o_lantern":1,"minecraft:oak_sapling":30,"minecraft:netherrack":1,"minecraft:coal":63},"minecraft:crafted":{"minecraft:cherry_planks":76,"minecraft:oak_door":3,"minecraft:oak_planks":332,"minecraft:cobblestone_slab":6,"minecraft:stone_shovel":11,"minecraft:cherry_wood":12,"minecraft:leather_boots":2,"minecraft:cooked_chicken":13,"minecraft:furnace":6,"minecraft:light_gray_wool":2,"minecraft:cobblestone_stairs":108,"minecraft:cooked_mutton":3,"minecraft:bow":1,"minecraft:polished_deepslate":176,"minecraft:stone_pickaxe":11,"minecraft:cobblestone_wall":60,"minecraft:chest":7,"minecraft:cooked_beef":8,"minecraft:red_dye":10,"minecraft:emerald":17,"minecraft:cooked_porkchop":3,"minecraft:crafting_table":4,"minecraft:spruce_planks":332,"minecraft:wooden_pickaxe":3,"minecraft:baked_potato":12,"minecraft:iron_sword":2,"minecraft:red_bed":1,"minecraft:red_wool":3,"minecraft:bucket":1,"minecraft:birch_planks":24,"minecraft:stone_axe":7,"minecraft:air":0,"minecraft:light_gray_bed":1,"minecraft:oak_boat":1,"minecraft:shield":1,"minecraft:stick":760,"minecraft:iron_ingot":12,"minecraft:iron_pickaxe":1,"minecraft:light_gray_dye":2,"minecraft:torch":16}},"DataVersion":3953}