{"stats":{"minecraft:used":{"minecraft:cooked_mutton":2,"minecraft:stone_pickaxe":78,"minecraft:oak_planks":2,"minecraft:chest":4,"minecraft:wooden_pickaxe":17,"minecraft:crafting_table":2,"minecraft:red_bed":2,"minecraft:stone_axe":11,"minecraft:cobblestone":1,"minecraft:furnace":1,"minecraft:light_gray_bed":1},"minecraft:killed_by":{"minecraft:zombie":1,"minecraft:drowned":1},"minecraft:dropped":{"minecraft:azure_bluet":2,"minecraft:oxeye_daisy":2,"minecraft:cornflower":2,"minecraft:dandelion":1},"minecraft:killed":{"minecraft:spider":1,"minecraft:sheep":3,"minecraft:zombie":1},"minecraft:custom":{"minecraft:interact_with_furnace":11,"minecraft:mob_kills":5,"minecraft:interact_with_crafting_table":13,"minecraft:time_since_death":16320,"minecraft:time_since_rest":16351,"minecraft:sprint_one_cm":35180,"minecraft:damage_taken":655,"minecraft:walk_one_cm":45862,"minecraft:drop":7,"minecraft:damage_dealt":676,"minecraft:swim_one_cm":3964,"minecraft:fly_one_cm":61101,"minecraft:open_chest":8,"minecraft:crouch_one_cm":614,"minecraft:play_time":31155,"minecraft:deaths":2,"minecraft:sneak_time":733,"minecraft:walk_under_water_one_cm":3678,"minecraft:jump":314,"minecraft:walk_on_water_one_cm":8486,"minecraft:total_world_time":31155,"minecraft:fall_one_cm":8461},"minecraft:mined":{"minecraft:red_bed":2,"minecraft:dandelion":3,"minecraft:crafting_table":2,"minecraft:cornflower":2,"minecraft:short_grass":9,"minecraft:grass_block":1,"minecraft:poppy":14,"minecraft:chest":1,"minecraft:tall_grass":1,"minecraft:oxeye_daisy":2,"minecraft:furnace":1,"minecraft:iron_ore":2,"minecraft:birch_leaves":2,"minecraft:azure_bluet":2,"minecraft:oak_log":8,"minecraft:stone":91,"minecraft:oak_leaves":5},"minecraft:picked_up":{"minecraft:crafting_table":2,"minecraft:feather":11,"minecraft:azure_bluet":4,"minecraft:chicken":6,"minecraft:brown_mushroom":3,"minecraft:wooden_pickaxe":2,"minecraft:oak_log":8,"minecraft:string":4,"minecraft:cornflower":2,"minecraft:dirt":1,"minecraft:red_bed":2,"minecraft:cooked_mutton":2,"minecraft:wheat_seeds":2,"minecraft:red_dye":6,"minecraft:stone_pickaxe":1,"minecraft:poppy":11,"minecraft:light_gray_wool":2,"minecraft:chest":1,"minecraft:birch_sapling":3,"minecraft:oak_planks":71,"minecraft:furnace":1,"minecraft:stick":2,"minecraft:raw_iron":2,"minecraft:cooked_porkchop":1,"minecraft:torch":1,"minecraft:dandelion":1,"minecraft:rotten_flesh":3,"minecraft:stone_axe":1,"minecraft:oak_sapling":10,"minecraft:netherrack":1,"minecraft:mutton":4,"minecraft:white_wool":4,"minecraft:cobblestone":100,"minecraft:oxeye_daisy":2},"minecraft:crafted":{"minecraft:red_dye":9,"minecraft:oak_planks":44,"minecraft:crafting_table":1,"minecraft:wooden_pickaxe":2,"minecraft:red_bed":1,"minecraft:furnace":1,"minecraft:red_wool":3,"minecraft:light_gray_wool":2,"minecraft:stone_axe":2,"minecraft:cooked_mutton":3,"minecraft:air":0,"minecraft:light_gray_bed":1,"minecraft:stick":20,"minecraft:stone_pickaxe":2,"minecraft:chest":3,"minecraft:light_gray_dye":2}},"DataVersion":3953}