{"stats":{"minecraft:picked_up":{"minecraft:wheat_seeds":42,"minecraft:porkchop":3,"minecraft:dirt":11},"minecraft:killed_by":{"minecraft:player":1},"minecraft:killed":{"minecraft:pig":1},"minecraft:dropped":{"minecraft:dirt":11,"minecraft:wheat_seeds":6},"minecraft:mined":{"minecraft:short_grass":124,"minecraft:tall_grass":49},"minecraft:custom":{"minecraft:time_since_rest":1901,"minecraft:play_time":9832,"minecraft:sprint_one_cm":6126,"minecraft:deaths":1,"minecraft:damage_taken":381,"minecraft:walk_one_cm":37832,"minecraft:mob_kills":1,"minecraft:drop":17,"minecraft:jump":88,"minecraft:damage_dealt":364,"minecraft:leave_game":2,"minecraft:time_since_death":1876,"minecraft:sleep_in_bed":2,"minecraft:total_world_time":9832,"minecraft:fall_one_cm":267,"minecraft:fly_one_cm":3030},"minecraft:used":{"minecraft:porkchop":3}},"DataVersion":3953}