{"stats":{"minecraft:used":{"minecraft:azalea":2,"minecraft:moss_block":1,"minecraft:moss_carpet":4,"minecraft:poppy":3,"minecraft:shield":19,"minecraft:iron_sword":98,"minecraft:cooked_chicken":1,"minecraft:iron_chestplate":1,"minecraft:dirt":53,"minecraft:wooden_axe":76,"minecraft:flowering_azalea":1,"minecraft:iron_helmet":3,"minecraft:iron_boots":2,"minecraft:beef":1,"minecraft:sweet_berries":1,"minecraft:furnace":4,"minecraft:cooked_beef":3,"minecraft:diorite":2,"minecraft:stone_pickaxe":110,"minecraft:wooden_pickaxe":59,"minecraft:clay":12,"minecraft:white_wool":1,"minecraft:glow_berries":2,"minecraft:crafting_table":10,"minecraft:white_bed":12,"minecraft:bread":2,"minecraft:iron_pickaxe":47,"minecraft:stone_axe":54,"minecraft:cobblestone":10,"minecraft:cooked_porkchop":12,"minecraft:oak_boat":1},"minecraft:killed_by":{"minecraft:player":1,"minecraft:creeper":1,"minecraft:drowned":2,"minecraft:skeleton":5,"minecraft:zombie":5},"minecraft:killed":{"minecraft:spider":1,"minecraft:skeleton":5,"minecraft:chicken":1,"minecraft:drowned":1,"minecraft:pig":26,"minecraft:iron_golem":1,"minecraft:sheep":16,"minecraft:zombie":11,"minecraft:cow":12},"minecraft:dropped":{"minecraft:moss_block":9,"minecraft:wheat_seeds":34,"minecraft:leather":5,"minecraft:dirt":5,"minecraft:moss_carpet":3,"minecraft:cobbled_deepslate":2,"minecraft:wheat":3,"minecraft:clay_ball":48,"minecraft:hay_block":5,"minecraft:black_wool":1},"minecraft:broken":{"minecraft:wooden_pickaxe":1,"minecraft:wooden_axe":2},"minecraft:custom":{"minecraft:mob_kills":78,"minecraft:interact_with_crafting_table":38,"minecraft:leave_game":4,"minecraft:time_since_death":24831,"minecraft:climb_one_cm":4237,"minecraft:sprint_one_cm":362156,"minecraft:walk_one_cm":179798,"minecraft:damage_blocked_by_shield":1396,"minecraft:drop":13,"minecraft:play_time":136441,"minecraft:deaths":16,"minecraft:sneak_time":5990,"minecraft:walk_under_water_one_cm":12301,"minecraft:boat_one_cm":28495,"minecraft:jump":2657,"minecraft:interact_with_blast_furnace":1,"minecraft:walk_on_water_one_cm":15747,"minecraft:total_world_time":136441,"minecraft:interact_with_furnace":68,"minecraft:sleep_in_bed":5,"minecraft:time_since_rest":24859,"minecraft:damage_taken":5398,"minecraft:damage_dealt":10144,"minecraft:player_kills":2,"minecraft:swim_one_cm":35426,"minecraft:fly_one_cm":376781,"minecraft:open_chest":9,"minecraft:crouch_one_cm":13901,"minecraft:fall_one_cm":63038},"minecraft:mined":{"minecraft:white_bed":9,"minecraft:jungle_leaves":1,"minecraft:cave_vines_plant":1,"minecraft:grass_block":12,"minecraft:spruce_leaves":15,"minecraft:moss_block":2,"minecraft:hay_block":26,"minecraft:tall_seagrass":1,"minecraft:furnace":4,"minecraft:iron_ore":19,"minecraft:fire":3,"minecraft:andesite":10,"minecraft:moss_carpet":1,"minecraft:cave_vines":3,"minecraft:deepslate_iron_ore":19,"minecraft:azalea":6,"minecraft:stone":53,"minecraft:white_wool":1,"minecraft:flowering_azalea":2,"minecraft:crafting_table":10,"minecraft:short_grass":59,"minecraft:melon":3,"minecraft:tall_grass":44,"minecraft:cobblestone":3,"minecraft:diorite":3,"minecraft:birch_log":6,"minecraft:sweet_berry_bush":12,"minecraft:wheat":1,"minecraft:spruce_log":20,"minecraft:coal_ore":79,"minecraft:oak_log":26,"minecraft:dirt":14,"minecraft:oak_leaves":11,"minecraft:deepslate":2},"minecraft:picked_up":{"minecraft:wooden_axe":1,"minecraft:crafting_table":14,"minecraft:iron_chestplate":3,"minecraft:wheat":10,"minecraft:chicken":1,"minecraft:clay_ball":144,"minecraft:wooden_pickaxe":10,"minecraft:shield":2,"minecraft:string":1,"minecraft:moss_carpet":8,"minecraft:cobbled_deepslate":2,"minecraft:beef":64,"minecraft:oak_boat":1,"minecraft:azalea":13,"minecraft:poppy":3,"minecraft:iron_pickaxe":3,"minecraft:melon_slice":14,"minecraft:iron_boots":3,"minecraft:furnace":7,"minecraft:raw_iron":45,"minecraft:stick":9,"minecraft:porkchop":72,"minecraft:diorite":2,"minecraft:arrow":16,"minecraft:rotten_flesh":22,"minecraft:hay_block":31,"minecraft:glow_berries":6,"minecraft:mutton":60,"minecraft:cobblestone":148,"minecraft:white_wool":27,"minecraft:birch_log":6,"minecraft:andesite":40,"minecraft:leather":30,"minecraft:oak_log":38,"minecraft:dirt":78,"minecraft:bone":10,"minecraft:wheat_seeds":58,"minecraft:stone_pickaxe":3,"minecraft:iron_ingot":7,"minecraft:moss_block":28,"minecraft:flowering_azalea":3,"minecraft:oak_planks":162,"minecraft:iron_sword":5,"minecraft:cooked_porkchop":44,"minecraft:sweet_berries":93,"minecraft:dripstone_block":6,"minecraft:spruce_sapling":4,"minecraft:white_bed":9,"minecraft:spruce_log":80,"minecraft:spider_eye":1,"minecraft:stone_axe":3,"minecraft:iron_helmet":3,"minecraft:coal":448,"minecraft:black_wool":3},"minecraft:crafted":{"minecraft:oak_planks":84,"minecraft:cooked_chicken":1,"minecraft:furnace":1,"minecraft:iron_boots":1,"minecraft:stone_pickaxe":1,"minecraft:wheat":173,"minecraft:cooked_beef":3,"minecraft:cooked_porkchop":23,"minecraft:crafting_table":1,"minecraft:wooden_pickaxe":1,"minecraft:iron_helmet":1,"minecraft:iron_sword":1,"minecraft:stone_axe":1,"minecraft:bread":60,"minecraft:air":0,"minecraft:oak_boat":1,"minecraft:iron_chestplate":1,"minecraft:shield":1,"minecraft:stick":16,"minecraft:iron_ingot":25,"minecraft:iron_pickaxe":1,"minecraft:wooden_axe":2,"minecraft:white_bed":1,"minecraft:clay":12}},"DataVersion":3953}