{"stats":{"minecraft:used":{"minecraft:dirt":14,"minecraft:white_bed":3},"minecraft:killed_by":{"minecraft:zombie":1},"minecraft:killed":{"minecraft:sheep":1,"minecraft:zombie":1,"minecraft:pig":1},"minecraft:custom":{"minecraft:time_since_rest":13869,"minecraft:crouch_one_cm":345,"minecraft:play_time":27784,"minecraft:sprint_one_cm":35959,"minecraft:damage_taken":550,"minecraft:walk_one_cm":28188,"minecraft:deaths":2,"minecraft:sneak_time":151,"minecraft:walk_under_water_one_cm":717,"minecraft:mob_kills":5,"minecraft:jump":346,"minecraft:damage_dealt":793,"minecraft:leave_game":4,"minecraft:walk_on_water_one_cm":194,"minecraft:time_since_death":13837,"minecraft:sleep_in_bed":1,"minecraft:total_world_time":27784,"minecraft:swim_one_cm":487,"minecraft:fall_one_cm":7177,"minecraft:fly_one_cm":52907,"minecraft:player_kills":1},"minecraft:mined":{"minecraft:short_grass":27,"minecraft:grass_block":1,"minecraft:white_bed":1,"minecraft:dirt":2,"minecraft:tall_grass":28},"minecraft:picked_up":{"minecraft:rotten_flesh":2,"minecraft:wheat_seeds":12,"minecraft:white_bed":1,"minecraft:mutton":2,"minecraft:white_wool":1,"minecraft:dirt":14}},"DataVersion":3953}