{"stats":{"minecraft:used":{"minecraft:azalea":2,"minecraft:moss_block":1,"minecraft:moss_carpet":4,"minecraft:poppy":3,"minecraft:shield":47,"minecraft:iron_sword":164,"minecraft:cooked_chicken":1,"minecraft:iron_chestplate":1,"minecraft:dirt":54,"minecraft:carrot":14,"minecraft:granite":2,"minecraft:wooden_axe":76,"minecraft:flowering_azalea":1,"minecraft:iron_axe":2,"minecraft:iron_helmet":3,"minecraft:iron_boots":2,"minecraft:beef":1,"minecraft:sweet_berries":1,"minecraft:furnace":6,"minecraft:potato":5,"minecraft:cooked_beef":3,"minecraft:cobbled_deepslate":3,"minecraft:iron_leggings":1,"minecraft:pointed_dripstone":1,"minecraft:water_bucket":1,"minecraft:diorite":2,"minecraft:stone_pickaxe":110,"minecraft:wooden_pickaxe":59,"minecraft:clay":12,"minecraft:white_wool":1,"minecraft:glow_berries":2,"minecraft:crafting_table":13,"minecraft:white_bed":15,"minecraft:dripstone_block":6,"minecraft:bread":7,"minecraft:iron_pickaxe":106,"minecraft:stone_axe":54,"minecraft:cobblestone":54,"minecraft:cooked_porkchop":21,"minecraft:bucket":2,"minecraft:yellow_bed":1,"minecraft:oak_boat":1},"minecraft:killed_by":{"minecraft:player":1,"minecraft:creeper":2,"minecraft:drowned":2,"minecraft:skeleton":6,"minecraft:zombie":6},"minecraft:killed":{"minecraft:spider":2,"minecraft:skeleton":15,"minecraft:chicken":1,"minecraft:drowned":1,"minecraft:pig":26,"minecraft:iron_golem":1,"minecraft:creeper":1,"minecraft:sheep":16,"minecraft:zombie":17,"minecraft:cow":12},"minecraft:dropped":{"minecraft:golden_boots":1,"minecraft:moss_block":18,"minecraft:wheat_seeds":35,"minecraft:cobblestone":14,"minecraft:leather":5,"minecraft:stick":2,"minecraft:dirt":5,"minecraft:moss_carpet":3,"minecraft:cobbled_deepslate":2,"minecraft:wheat":3,"minecraft:clay_ball":48,"minecraft:hay_block":5,"minecraft:azalea":4,"minecraft:black_wool":1},"minecraft:broken":{"minecraft:wooden_pickaxe":1,"minecraft:shield":1,"minecraft:wooden_axe":2},"minecraft:custom":{"minecraft:mob_kills":97,"minecraft:interact_with_crafting_table":48,"minecraft:leave_game":4,"minecraft:time_since_death":2848,"minecraft:climb_one_cm":4237,"minecraft:sprint_one_cm":441580,"minecraft:walk_one_cm":245517,"minecraft:damage_blocked_by_shield":3236,"minecraft:drop":20,"minecraft:play_time":172441,"minecraft:deaths":19,"minecraft:sneak_time":8577,"minecraft:walk_under_water_one_cm":25866,"minecraft:boat_one_cm":28495,"minecraft:jump":3359,"minecraft:interact_with_blast_furnace":1,"minecraft:walk_on_water_one_cm":24396,"minecraft:total_world_time":172441,"minecraft:interact_with_furnace":87,"minecraft:sleep_in_bed":5,"minecraft:time_since_rest":2884,"minecraft:damage_taken":7278,"minecraft:damage_dealt":13801,"minecraft:player_kills":2,"minecraft:swim_one_cm":52227,"minecraft:fly_one_cm":504371,"minecraft:open_chest":18,"minecraft:crouch_one_cm":21096,"minecraft:fall_one_cm":87738},"minecraft:mined":{"minecraft:white_bed":12,"minecraft:deepslate_diamond_ore":1,"minecraft:cherry_log":6,"minecraft:jungle_leaves":1,"minecraft:cave_vines_plant":1,"minecraft:granite":2,"minecraft:grass_block":13,"minecraft:spruce_leaves":15,"minecraft:moss_block":2,"minecraft:hay_block":26,"minecraft:tall_seagrass":1,"minecraft:furnace":6,"minecraft:carrots":4,"minecraft:iron_ore":49,"minecraft:fire":3,"minecraft:andesite":11,"minecraft:moss_carpet":1,"minecraft:potatoes":2,"minecraft:pointed_dripstone":1,"minecraft:cave_vines":3,"minecraft:deepslate_iron_ore":20,"minecraft:azalea":6,"minecraft:stone":68,"minecraft:white_wool":1,"minecraft:flowering_azalea":2,"minecraft:crafting_table":12,"minecraft:short_grass":61,"minecraft:melon":3,"minecraft:tall_grass":44,"minecraft:cobblestone":5,"minecraft:diorite":3,"minecraft:birch_log":6,"minecraft:sweet_berry_bush":12,"minecraft:wheat":4,"minecraft:spruce_log":20,"minecraft:coal_ore":79,"minecraft:oak_log":26,"minecraft:dirt":14,"minecraft:oak_leaves":11,"minecraft:deepslate":5},"minecraft:picked_up":{"minecraft:wooden_axe":1,"minecraft:crafting_table":16,"minecraft:iron_chestplate":3,"minecraft:wheat":19,"minecraft:chicken":1,"minecraft:clay_ball":144,"minecraft:wooden_pickaxe":10,"minecraft:shield":5,"minecraft:string":1,"minecraft:moss_carpet":8,"minecraft:cobbled_deepslate":5,"minecraft:beef":64,"minecraft:oak_boat":1,"minecraft:azalea":13,"minecraft:poppy":3,"minecraft:iron_pickaxe":6,"minecraft:melon_slice":14,"minecraft:iron_boots":3,"minecraft:furnace":9,"minecraft:raw_iron":115,"minecraft:stick":10,"minecraft:porkchop":72,"minecraft:cherry_log":6,"minecraft:pointed_dripstone":1,"minecraft:diorite":2,"minecraft:carrot":14,"minecraft:stone_shovel":2,"minecraft:arrow":19,"minecraft:rotten_flesh":26,"minecraft:hay_block":31,"minecraft:glow_berries":6,"minecraft:mutton":71,"minecraft:cobblestone":206,"minecraft:white_wool":27,"minecraft:birch_log":6,"minecraft:andesite":44,"minecraft:leather":30,"minecraft:potato":5,"minecraft:oak_log":38,"minecraft:golden_boots":1,"minecraft:dirt":79,"minecraft:bone":18,"minecraft:wheat_seeds":77,"minecraft:stone_pickaxe":3,"minecraft:iron_ingot":7,"minecraft:moss_block":28,"minecraft:flowering_azalea":3,"minecraft:oak_planks":162,"minecraft:iron_sword":6,"minecraft:cooked_porkchop":44,"minecraft:sweet_berries":93,"minecraft:dripstone_block":6,"minecraft:spruce_sapling":4,"minecraft:white_bed":12,"minecraft:spruce_log":80,"minecraft:spider_eye":1,"minecraft:diamond":1,"minecraft:stone_axe":3,"minecraft:iron_helmet":3,"minecraft:granite":2,"minecraft:bread":35,"minecraft:coal":456,"minecraft:black_wool":3},"minecraft:crafted":{"minecraft:cherry_planks":24,"minecraft:oak_planks":84,"minecraft:cooked_chicken":1,"minecraft:furnace":1,"minecraft:cooked_mutton":7,"minecraft:iron_boots":1,"minecraft:iron_axe":1,"minecraft:stone_pickaxe":1,"minecraft:wheat":173,"minecraft:cooked_beef":3,"minecraft:cooked_porkchop":23,"minecraft:crafting_table":2,"minecraft:wooden_pickaxe":1,"minecraft:iron_helmet":1,"minecraft:iron_sword":2,"minecraft:bucket":1,"minecraft:stone_axe":1,"minecraft:bread":60,"minecraft:air":0,"minecraft:oak_boat":1,"minecraft:iron_chestplate":1,"minecraft:shield":3,"minecraft:stick":20,"minecraft:iron_ingot":34,"minecraft:iron_pickaxe":1,"minecraft:wooden_axe":2,"minecraft:iron_leggings":1,"minecraft:white_bed":2,"minecraft:clay":12}},"DataVersion":3953}