{"stats":{"minecraft:used":{"minecraft:azalea":2,"minecraft:moss_block":1,"minecraft:moss_carpet":1,"minecraft:diorite":2,"minecraft:stone_pickaxe":110,"minecraft:poppy":3,"minecraft:shield":12,"minecraft:wooden_pickaxe":59,"minecraft:iron_sword":13,"minecraft:cooked_chicken":1,"minecraft:iron_chestplate":1,"minecraft:white_wool":1,"minecraft:glow_berries":2,"minecraft:dirt":53,"minecraft:crafting_table":8,"minecraft:white_bed":11,"minecraft:wooden_axe":76,"minecraft:iron_pickaxe":20,"minecraft:iron_helmet":3,"minecraft:iron_boots":2,"minecraft:stone_axe":52,"minecraft:cobblestone":2,"minecraft:beef":1,"minecraft:sweet_berries":1,"minecraft:furnace":4,"minecraft:cooked_porkchop":9,"minecraft:cooked_beef":3},"minecraft:killed_by":{"minecraft:player":1,"minecraft:skeleton":5,"minecraft:creeper":1,"minecraft:zombie":5,"minecraft:drowned":2},"minecraft:dropped":{"minecraft:clay_ball":48,"minecraft:dirt":5},"minecraft:killed":{"minecraft:pig":13,"minecraft:spider":1,"minecraft:skeleton":3,"minecraft:sheep":10,"minecraft:zombie":9,"minecraft:chicken":1,"minecraft:drowned":1,"minecraft:cow":8},"minecraft:broken":{"minecraft:wooden_axe":2,"minecraft:wooden_pickaxe":1},"minecraft:custom":{"minecraft:interact_with_furnace":68,"minecraft:mob_kills":50,"minecraft:interact_with_crafting_table":33,"minecraft:leave_game":4,"minecraft:time_since_death":831,"minecraft:sleep_in_bed":5,"minecraft:climb_one_cm":605,"minecraft:time_since_rest":859,"minecraft:sprint_one_cm":257134,"minecraft:damage_taken":5253,"minecraft:walk_one_cm":142461,"minecraft:damage_blocked_by_shield":855,"minecraft:drop":2,"minecraft:damage_dealt":6141,"minecraft:swim_one_cm":15722,"minecraft:fly_one_cm":259942,"minecraft:player_kills":2,"minecraft:open_chest":4,"minecraft:crouch_one_cm":11499,"minecraft:play_time":112441,"minecraft:deaths":16,"minecraft:sneak_time":4794,"minecraft:walk_under_water_one_cm":7353,"minecraft:jump":1942,"minecraft:walk_on_water_one_cm":6573,"minecraft:total_world_time":112441,"minecraft:fall_one_cm":47261},"minecraft:mined":{"minecraft:flowering_azalea":2,"minecraft:white_bed":8,"minecraft:crafting_table":8,"minecraft:cave_vines_plant":1,"minecraft:short_grass":51,"minecraft:grass_block":11,"minecraft:tall_grass":41,"minecraft:spruce_leaves":15,"minecraft:moss_block":2,"minecraft:diorite":2,"minecraft:tall_seagrass":1,"minecraft:furnace":4,"minecraft:birch_log":6,"minecraft:iron_ore":16,"minecraft:fire":3,"minecraft:sweet_berry_bush":12,"minecraft:andesite":10,"minecraft:spruce_log":20,"minecraft:moss_carpet":1,"minecraft:cave_vines":3,"minecraft:deepslate_iron_ore":9,"minecraft:oak_log":26,"minecraft:coal_ore":79,"minecraft:dirt":14,"minecraft:azalea":6,"minecraft:stone":45,"minecraft:white_wool":1,"minecraft:oak_leaves":5},"minecraft:picked_up":{"minecraft:wooden_axe":1,"minecraft:birch_log":6,"minecraft:iron_chestplate":3,"minecraft:crafting_table":12,"minecraft:chicken":1,"minecraft:clay_ball":96,"minecraft:andesite":40,"minecraft:leather":20,"minecraft:wooden_pickaxe":10,"minecraft:oak_log":38,"minecraft:shield":1,"minecraft:string":1,"minecraft:dirt":77,"minecraft:moss_carpet":5,"minecraft:bone":8,"minecraft:wheat_seeds":28,"minecraft:iron_ingot":2,"minecraft:beef":58,"minecraft:stone_pickaxe":3,"minecraft:azalea":13,"minecraft:poppy":3,"minecraft:iron_pickaxe":3,"minecraft:moss_block":19,"minecraft:iron_sword":5,"minecraft:oak_planks":162,"minecraft:flowering_azalea":2,"minecraft:iron_boots":3,"minecraft:furnace":7,"minecraft:stick":9,"minecraft:raw_iron":31,"minecraft:cooked_porkchop":44,"minecraft:sweet_berries":93,"minecraft:porkchop":43,"minecraft:spruce_sapling":4,"minecraft:spruce_log":80,"minecraft:diorite":2,"minecraft:white_bed":8,"minecraft:spider_eye":1,"minecraft:arrow":16,"minecraft:rotten_flesh":21,"minecraft:stone_axe":3,"minecraft:iron_helmet":3,"minecraft:glow_berries":6,"minecraft:black_wool":3,"minecraft:mutton":52,"minecraft:coal":448,"minecraft:white_wool":22,"minecraft:cobblestone":137},"minecraft:crafted":{"minecraft:cooked_beef":3,"minecraft:oak_planks":68,"minecraft:cooked_porkchop":23,"minecraft:crafting_table":1,"minecraft:iron_helmet":1,"minecraft:wooden_pickaxe":1,"minecraft:cooked_chicken":1,"minecraft:iron_sword":1,"minecraft:furnace":1,"minecraft:stone_axe":1,"minecraft:air":0,"minecraft:iron_boots":1,"minecraft:iron_chestplate":1,"minecraft:shield":1,"minecraft:stick":16,"minecraft:iron_pickaxe":1,"minecraft:iron_ingot":25,"minecraft:stone_pickaxe":1,"minecraft:wooden_axe":2,"minecraft:white_bed":1}},"DataVersion":3953}