{"stats":{"minecraft:picked_up":{"minecraft:rotten_flesh":2,"minecraft:wheat_seeds":10,"minecraft:white_bed":1,"minecraft:mutton":2,"minecraft:white_wool":1,"minecraft:dirt":14},"minecraft:killed_by":{"minecraft:zombie":1},"minecraft:killed":{"minecraft:sheep":1,"minecraft:zombie":1,"minecraft:pig":1},"minecraft:mined":{"minecraft:short_grass":27,"minecraft:grass_block":1,"minecraft:white_bed":1,"minecraft:dirt":2,"minecraft:tall_grass":28},"minecraft:custom":{"minecraft:time_since_rest":5547,"minecraft:crouch_one_cm":301,"minecraft:play_time":11277,"minecraft:sprint_one_cm":16319,"minecraft:damage_taken":480,"minecraft:deaths":1,"minecraft:walk_one_cm":16633,"minecraft:sneak_time":117,"minecraft:mob_kills":5,"minecraft:jump":198,"minecraft:damage_dealt":723,"minecraft:leave_game":3,"minecraft:time_since_death":10691,"minecraft:sleep_in_bed":1,"minecraft:total_world_time":11277,"minecraft:player_kills":1,"minecraft:fall_one_cm":3479,"minecraft:fly_one_cm":24199},"minecraft:used":{"minecraft:dirt":14,"minecraft:white_bed":3}},"DataVersion":3953}