{"stats":{"minecraft:used":{"minecraft:wooden_axe":15,"minecraft:stone_pickaxe":24,"minecraft:poppy":3,"minecraft:wooden_pickaxe":43,"minecraft:white_wool":1,"minecraft:dirt":14,"minecraft:cobblestone":2,"minecraft:crafting_table":2,"minecraft:furnace":1,"minecraft:white_bed":3},"minecraft:killed_by":{"minecraft:player":1,"minecraft:drowned":2,"minecraft:skeleton":1,"minecraft:zombie":2},"minecraft:dropped":{"minecraft:dirt":5},"minecraft:killed":{"minecraft:sheep":3,"minecraft:zombie":3,"minecraft:pig":2,"minecraft:spider":1,"minecraft:drowned":1,"minecraft:cow":2},"minecraft:custom":{"minecraft:time_since_rest":10474,"minecraft:interact_with_furnace":4,"minecraft:sprint_one_cm":97755,"minecraft:damage_taken":2063,"minecraft:walk_one_cm":56374,"minecraft:mob_kills":14,"minecraft:drop":1,"minecraft:damage_dealt":1803,"minecraft:interact_with_crafting_table":4,"minecraft:player_kills":2,"minecraft:swim_one_cm":10205,"minecraft:fly_one_cm":112430,"minecraft:open_chest":4,"minecraft:crouch_one_cm":5084,"minecraft:play_time":52441,"minecraft:deaths":8,"minecraft:sneak_time":2505,"minecraft:walk_under_water_one_cm":5974,"minecraft:jump":748,"minecraft:leave_game":4,"minecraft:time_since_death":10443,"minecraft:walk_on_water_one_cm":4753,"minecraft:sleep_in_bed":2,"minecraft:total_world_time":52441,"minecraft:fall_one_cm":17549},"minecraft:mined":{"minecraft:tall_seagrass":1,"minecraft:white_bed":1,"minecraft:iron_ore":2,"minecraft:birch_log":6,"minecraft:crafting_table":2,"minecraft:short_grass":33,"minecraft:coal_ore":49,"minecraft:grass_block":1,"minecraft:oak_log":22,"minecraft:dirt":2,"minecraft:tall_grass":28,"minecraft:stone":14,"minecraft:white_wool":1,"minecraft:diorite":2,"minecraft:oak_leaves":4},"minecraft:picked_up":{"minecraft:birch_log":6,"minecraft:raw_iron":2,"minecraft:crafting_table":2,"minecraft:leather":1,"minecraft:wooden_pickaxe":2,"minecraft:porkchop":2,"minecraft:oak_log":22,"minecraft:diorite":2,"minecraft:white_bed":1,"minecraft:spider_eye":1,"minecraft:dirt":19,"minecraft:string":1,"minecraft:rotten_flesh":4,"minecraft:wheat_seeds":12,"minecraft:beef":6,"minecraft:poppy":3,"minecraft:mutton":5,"minecraft:coal":49,"minecraft:white_wool":4,"minecraft:cobblestone":14},"minecraft:crafted":{"minecraft:oak_planks":68,"minecraft:crafting_table":1,"minecraft:stick":8,"minecraft:wooden_pickaxe":1,"minecraft:stone_pickaxe":1,"minecraft:wooden_axe":1,"minecraft:furnace":1}},"DataVersion":3953}