{"stats":{"minecraft:used":{"minecraft:azalea":2,"minecraft:moss_block":1,"minecraft:moss_carpet":4,"minecraft:diorite":2,"minecraft:stone_pickaxe":110,"minecraft:poppy":3,"minecraft:shield":18,"minecraft:wooden_pickaxe":59,"minecraft:iron_sword":46,"minecraft:clay":12,"minecraft:cooked_chicken":1,"minecraft:iron_chestplate":1,"minecraft:white_wool":1,"minecraft:glow_berries":2,"minecraft:dirt":53,"minecraft:crafting_table":10,"minecraft:white_bed":11,"minecraft:wooden_axe":76,"minecraft:flowering_azalea":1,"minecraft:bread":1,"minecraft:iron_pickaxe":43,"minecraft:iron_helmet":3,"minecraft:iron_boots":2,"minecraft:stone_axe":54,"minecraft:cobblestone":7,"minecraft:beef":1,"minecraft:sweet_berries":1,"minecraft:furnace":4,"minecraft:cooked_porkchop":11,"minecraft:oak_boat":1,"minecraft:cooked_beef":3},"minecraft:killed_by":{"minecraft:player":1,"minecraft:skeleton":5,"minecraft:creeper":1,"minecraft:zombie":5,"minecraft:drowned":2},"minecraft:killed":{"minecraft:pig":23,"minecraft:spider":1,"minecraft:skeleton":5,"minecraft:sheep":12,"minecraft:zombie":9,"minecraft:chicken":1,"minecraft:drowned":1,"minecraft:cow":8},"minecraft:dropped":{"minecraft:moss_block":9,"minecraft:moss_carpet":3,"minecraft:wheat_seeds":5,"minecraft:wheat":3,"minecraft:clay_ball":48,"minecraft:leather":5,"minecraft:hay_block":5,"minecraft:dirt":5,"minecraft:black_wool":1},"minecraft:broken":{"minecraft:wooden_axe":2,"minecraft:wooden_pickaxe":1},"minecraft:custom":{"minecraft:interact_with_furnace":68,"minecraft:mob_kills":64,"minecraft:interact_with_crafting_table":38,"minecraft:leave_game":4,"minecraft:time_since_death":12831,"minecraft:sleep_in_bed":5,"minecraft:climb_one_cm":605,"minecraft:time_since_rest":12859,"minecraft:sprint_one_cm":313097,"minecraft:damage_taken":5316,"minecraft:walk_one_cm":162611,"minecraft:damage_blocked_by_shield":1241,"minecraft:drop":10,"minecraft:damage_dealt":7701,"minecraft:swim_one_cm":16174,"minecraft:fly_one_cm":320794,"minecraft:player_kills":2,"minecraft:open_chest":9,"minecraft:crouch_one_cm":12525,"minecraft:play_time":124441,"minecraft:deaths":16,"minecraft:sneak_time":5224,"minecraft:walk_under_water_one_cm":8265,"minecraft:boat_one_cm":28495,"minecraft:jump":2327,"minecraft:walk_on_water_one_cm":8145,"minecraft:total_world_time":124441,"minecraft:fall_one_cm":52801},"minecraft:mined":{"minecraft:flowering_azalea":2,"minecraft:white_bed":9,"minecraft:crafting_table":10,"minecraft:cave_vines_plant":1,"minecraft:short_grass":55,"minecraft:grass_block":12,"minecraft:tall_grass":41,"minecraft:spruce_leaves":15,"minecraft:moss_block":2,"minecraft:diorite":3,"minecraft:hay_block":20,"minecraft:tall_seagrass":1,"minecraft:furnace":4,"minecraft:birch_log":6,"minecraft:iron_ore":18,"minecraft:fire":3,"minecraft:sweet_berry_bush":12,"minecraft:andesite":10,"minecraft:spruce_log":20,"minecraft:moss_carpet":1,"minecraft:cave_vines":3,"minecraft:deepslate_iron_ore":19,"minecraft:oak_log":26,"minecraft:coal_ore":79,"minecraft:dirt":14,"minecraft:azalea":6,"minecraft:stone":53,"minecraft:deepslate":2,"minecraft:white_wool":1,"minecraft:oak_leaves":5},"minecraft:picked_up":{"minecraft:wooden_axe":1,"minecraft:birch_log":6,"minecraft:iron_chestplate":3,"minecraft:crafting_table":14,"minecraft:wheat":10,"minecraft:chicken":1,"minecraft:clay_ball":144,"minecraft:andesite":40,"minecraft:leather":25,"minecraft:wooden_pickaxe":10,"minecraft:oak_log":38,"minecraft:shield":2,"minecraft:string":1,"minecraft:dirt":78,"minecraft:moss_carpet":8,"minecraft:bone":10,"minecraft:wheat_seeds":29,"minecraft:cobbled_deepslate":2,"minecraft:iron_ingot":4,"minecraft:beef":58,"minecraft:stone_pickaxe":3,"minecraft:oak_boat":1,"minecraft:azalea":13,"minecraft:poppy":3,"minecraft:iron_pickaxe":3,"minecraft:moss_block":28,"minecraft:iron_sword":5,"minecraft:oak_planks":162,"minecraft:flowering_azalea":3,"minecraft:iron_boots":3,"minecraft:furnace":7,"minecraft:stick":9,"minecraft:raw_iron":43,"minecraft:cooked_porkchop":44,"minecraft:sweet_berries":93,"minecraft:porkchop":66,"minecraft:spruce_sapling":4,"minecraft:spruce_log":80,"minecraft:diorite":2,"minecraft:white_bed":9,"minecraft:spider_eye":1,"minecraft:arrow":16,"minecraft:rotten_flesh":22,"minecraft:stone_axe":3,"minecraft:hay_block":25,"minecraft:iron_helmet":3,"minecraft:glow_berries":6,"minecraft:black_wool":3,"minecraft:mutton":56,"minecraft:coal":448,"minecraft:white_wool":24,"minecraft:cobblestone":145},"minecraft:crafted":{"minecraft:cooked_beef":3,"minecraft:oak_planks":68,"minecraft:cooked_porkchop":23,"minecraft:crafting_table":1,"minecraft:iron_helmet":1,"minecraft:wooden_pickaxe":1,"minecraft:cooked_chicken":1,"minecraft:iron_sword":1,"minecraft:furnace":1,"minecraft:stone_axe":1,"minecraft:bread":60,"minecraft:air":0,"minecraft:oak_boat":1,"minecraft:iron_boots":1,"minecraft:iron_chestplate":1,"minecraft:shield":1,"minecraft:stick":16,"minecraft:iron_pickaxe":1,"minecraft:iron_ingot":25,"minecraft:stone_pickaxe":1,"minecraft:wooden_axe":2,"minecraft:white_bed":1,"minecraft:clay":12,"minecraft:wheat":173}},"DataVersion":3953}