{"stats":{"minecraft:used":{"minecraft:diorite":2,"minecraft:stone_pickaxe":58,"minecraft:poppy":3,"minecraft:shield":3,"minecraft:wooden_pickaxe":59,"minecraft:cooked_chicken":1,"minecraft:white_wool":1,"minecraft:dirt":29,"minecraft:crafting_table":6,"minecraft:white_bed":8,"minecraft:wooden_axe":65,"minecraft:cobblestone":2,"minecraft:beef":1,"minecraft:furnace":3,"minecraft:cooked_porkchop":2,"minecraft:cooked_beef":3},"minecraft:killed_by":{"minecraft:player":1,"minecraft:skeleton":1,"minecraft:zombie":3,"minecraft:drowned":2},"minecraft:dropped":{"minecraft:dirt":5},"minecraft:killed":{"minecraft:pig":13,"minecraft:spider":1,"minecraft:skeleton":1,"minecraft:sheep":9,"minecraft:zombie":5,"minecraft:chicken":1,"minecraft:drowned":1,"minecraft:cow":8},"minecraft:broken":{"minecraft:wooden_axe":1,"minecraft:wooden_pickaxe":1},"minecraft:custom":{"minecraft:interact_with_furnace":45,"minecraft:mob_kills":41,"minecraft:interact_with_crafting_table":12,"minecraft:leave_game":4,"minecraft:time_since_death":14319,"minecraft:sleep_in_bed":4,"minecraft:time_since_rest":7592,"minecraft:sprint_one_cm":195309,"minecraft:damage_taken":2668,"minecraft:walk_one_cm":102230,"minecraft:damage_blocked_by_shield":195,"minecraft:drop":1,"minecraft:damage_dealt":4764,"minecraft:swim_one_cm":15722,"minecraft:fly_one_cm":203779,"minecraft:player_kills":2,"minecraft:open_chest":4,"minecraft:crouch_one_cm":7255,"minecraft:play_time":88441,"minecraft:deaths":9,"minecraft:sneak_time":3273,"minecraft:walk_under_water_one_cm":7353,"minecraft:jump":1438,"minecraft:walk_on_water_one_cm":6573,"minecraft:total_world_time":88441,"minecraft:fall_one_cm":32371},"minecraft:mined":{"minecraft:white_bed":6,"minecraft:crafting_table":6,"minecraft:short_grass":35,"minecraft:grass_block":10,"minecraft:tall_grass":28,"minecraft:spruce_leaves":2,"minecraft:diorite":2,"minecraft:tall_seagrass":1,"minecraft:furnace":2,"minecraft:birch_log":6,"minecraft:iron_ore":6,"minecraft:oak_log":26,"minecraft:coal_ore":58,"minecraft:dirt":10,"minecraft:stone":35,"minecraft:white_wool":1,"minecraft:oak_leaves":5},"minecraft:picked_up":{"minecraft:wooden_axe":1,"minecraft:birch_log":6,"minecraft:crafting_table":7,"minecraft:chicken":1,"minecraft:leather":10,"minecraft:wooden_pickaxe":4,"minecraft:oak_log":30,"minecraft:string":1,"minecraft:dirt":72,"minecraft:bone":2,"minecraft:wheat_seeds":12,"minecraft:beef":34,"minecraft:stone_pickaxe":1,"minecraft:poppy":3,"minecraft:oak_planks":48,"minecraft:furnace":3,"minecraft:raw_iron":12,"minecraft:cooked_porkchop":2,"minecraft:porkchop":43,"minecraft:diorite":2,"minecraft:white_bed":6,"minecraft:spider_eye":1,"minecraft:arrow":2,"minecraft:rotten_flesh":6,"minecraft:mutton":20,"minecraft:coal":186,"minecraft:white_wool":14,"minecraft:cobblestone":40},"minecraft:crafted":{"minecraft:cooked_beef":3,"minecraft:oak_planks":68,"minecraft:cooked_porkchop":21,"minecraft:crafting_table":1,"minecraft:wooden_pickaxe":1,"minecraft:cooked_chicken":1,"minecraft:furnace":1,"minecraft:air":0,"minecraft:shield":1,"minecraft:stick":8,"minecraft:iron_ingot":6,"minecraft:stone_pickaxe":1,"minecraft:wooden_axe":2,"minecraft:white_bed":1}},"DataVersion":3953}