{"stats":{"minecraft:used":{"minecraft:stone_pickaxe":27,"minecraft:poppy":3,"minecraft:wooden_pickaxe":53,"minecraft:cooked_chicken":1,"minecraft:white_wool":1,"minecraft:dirt":14,"minecraft:crafting_table":4,"minecraft:white_bed":3,"minecraft:wooden_axe":41,"minecraft:cobblestone":2,"minecraft:furnace":2,"minecraft:cooked_porkchop":1,"minecraft:cooked_beef":1},"minecraft:killed_by":{"minecraft:player":1,"minecraft:skeleton":1,"minecraft:zombie":2,"minecraft:drowned":2},"minecraft:dropped":{"minecraft:dirt":5},"minecraft:killed":{"minecraft:pig":7,"minecraft:spider":1,"minecraft:sheep":6,"minecraft:zombie":5,"minecraft:chicken":1,"minecraft:drowned":1,"minecraft:cow":8},"minecraft:broken":{"minecraft:wooden_axe":1,"minecraft:wooden_pickaxe":1},"minecraft:custom":{"minecraft:interact_with_furnace":16,"minecraft:mob_kills":31,"minecraft:interact_with_crafting_table":6,"minecraft:leave_game":4,"minecraft:time_since_death":22443,"minecraft:sleep_in_bed":2,"minecraft:time_since_rest":22474,"minecraft:sprint_one_cm":141497,"minecraft:damage_taken":2243,"minecraft:walk_one_cm":73880,"minecraft:drop":1,"minecraft:damage_dealt":3553,"minecraft:swim_one_cm":12906,"minecraft:fly_one_cm":151699,"minecraft:player_kills":2,"minecraft:open_chest":4,"minecraft:crouch_one_cm":5224,"minecraft:play_time":64441,"minecraft:deaths":8,"minecraft:sneak_time":2534,"minecraft:walk_under_water_one_cm":6280,"minecraft:jump":1019,"minecraft:walk_on_water_one_cm":5612,"minecraft:total_world_time":64441,"minecraft:fall_one_cm":23711},"minecraft:mined":{"minecraft:white_bed":1,"minecraft:crafting_table":4,"minecraft:short_grass":34,"minecraft:grass_block":3,"minecraft:tall_grass":28,"minecraft:diorite":2,"minecraft:tall_seagrass":1,"minecraft:furnace":2,"minecraft:birch_log":6,"minecraft:iron_ore":2,"minecraft:oak_log":26,"minecraft:coal_ore":49,"minecraft:dirt":3,"minecraft:stone":15,"minecraft:white_wool":1,"minecraft:oak_leaves":5},"minecraft:picked_up":{"minecraft:birch_log":6,"minecraft:crafting_table":4,"minecraft:chicken":1,"minecraft:leather":5,"minecraft:wooden_pickaxe":2,"minecraft:oak_log":26,"minecraft:string":1,"minecraft:dirt":22,"minecraft:wheat_seeds":12,"minecraft:beef":22,"minecraft:poppy":3,"minecraft:furnace":2,"minecraft:raw_iron":2,"minecraft:porkchop":13,"minecraft:diorite":2,"minecraft:white_bed":1,"minecraft:spider_eye":1,"minecraft:rotten_flesh":5,"minecraft:mutton":9,"minecraft:coal":127,"minecraft:white_wool":7,"minecraft:cobblestone":15},"minecraft:crafted":{"minecraft:cooked_beef":3,"minecraft:oak_planks":68,"minecraft:cooked_porkchop":3,"minecraft:crafting_table":1,"minecraft:wooden_pickaxe":1,"minecraft:cooked_chicken":1,"minecraft:furnace":1,"minecraft:air":0,"minecraft:stick":8,"minecraft:stone_pickaxe":1,"minecraft:wooden_axe":2}},"DataVersion":3953}