{"stats":{"minecraft:used":{"minecraft:azalea":2,"minecraft:moss_block":1,"minecraft:moss_carpet":4,"minecraft:stone_shovel":38,"minecraft:poppy":3,"minecraft:shield":66,"minecraft:iron_sword":285,"minecraft:cooked_chicken":1,"minecraft:iron_chestplate":7,"minecraft:dirt":55,"minecraft:white_carpet":1,"minecraft:carrot":29,"minecraft:yellow_carpet":3,"minecraft:granite":3,"minecraft:glass":14,"minecraft:wooden_axe":76,"minecraft:flowering_azalea":1,"minecraft:iron_axe":3,"minecraft:cherry_trapdoor":4,"minecraft:iron_helmet":3,"minecraft:iron_boots":2,"minecraft:beef":1,"minecraft:sweet_berries":1,"minecraft:furnace":7,"minecraft:egg":1,"minecraft:cherry_fence":1,"minecraft:potato":5,"minecraft:cooked_beef":3,"minecraft:cobbled_deepslate":20,"minecraft:iron_leggings":2,"minecraft:pointed_dripstone":1,"minecraft:water_bucket":1,"minecraft:diorite":2,"minecraft:stone_pickaxe":110,"minecraft:oak_planks":1,"minecraft:leather_chestplate":5,"minecraft:wooden_pickaxe":59,"minecraft:cobblestone_slab":4,"minecraft:clay":12,"minecraft:white_wool":1,"minecraft:glow_berries":2,"minecraft:crafting_table":14,"minecraft:white_bed":16,"minecraft:dripstone_block":6,"minecraft:piston":1,"minecraft:bread":42,"minecraft:string":1,"minecraft:iron_pickaxe":649,"minecraft:spruce_sapling":4,"minecraft:gravel":3,"minecraft:stone_axe":54,"minecraft:pink_petals":23,"minecraft:cobblestone":165,"minecraft:cooked_porkchop":21,"minecraft:andesite":1,"minecraft:bucket":2,"minecraft:yellow_bed":7,"minecraft:oak_boat":1},"minecraft:killed_by":{"minecraft:player":1,"minecraft:creeper":2,"minecraft:drowned":2,"minecraft:skeleton":7,"minecraft:zombie":7},"minecraft:killed":{"minecraft:spider":6,"minecraft:slime":11,"minecraft:skeleton":21,"minecraft:chicken":1,"minecraft:drowned":1,"minecraft:pig":26,"minecraft:zombie_villager":1,"minecraft:iron_golem":1,"minecraft:creeper":3,"minecraft:sheep":19,"minecraft:pillager":4,"minecraft:zombie":26,"minecraft:cow":13},"minecraft:dropped":{"minecraft:water_bucket":1,"minecraft:golden_boots":1,"minecraft:moss_block":18,"minecraft:wheat_seeds":44,"minecraft:cobblestone":57,"minecraft:leather":5,"minecraft:coal":82,"minecraft:stick":2,"minecraft:dirt":5,"minecraft:diorite":2,"minecraft:torch":6,"minecraft:cherry_planks":36,"minecraft:iron_pickaxe":2,"minecraft:redstone":4,"minecraft:stone_axe":2,"minecraft:moss_carpet":3,"minecraft:cobbled_deepslate":14,"minecraft:tuff":3,"minecraft:wheat":3,"minecraft:raw_iron":45,"minecraft:rotten_flesh":5,"minecraft:clay_ball":48,"minecraft:leather_chestplate":3,"minecraft:hay_block":5,"minecraft:shield":1,"minecraft:andesite":2,"minecraft:azalea":4,"minecraft:spider_eye":1,"minecraft:bow":1,"minecraft:arrow":1,"minecraft:raw_gold":5,"minecraft:black_wool":1},"minecraft:broken":{"minecraft:wooden_pickaxe":1,"minecraft:shield":1,"minecraft:iron_pickaxe":2,"minecraft:wooden_axe":2},"minecraft:custom":{"minecraft:mob_kills":138,"minecraft:interact_with_crafting_table":63,"minecraft:leave_game":5,"minecraft:time_since_death":64982,"minecraft:climb_one_cm":4237,"minecraft:sprint_one_cm":687670,"minecraft:walk_one_cm":391894,"minecraft:damage_blocked_by_shield":4463,"minecraft:drop":54,"minecraft:play_time":264561,"minecraft:deaths":21,"minecraft:sneak_time":20586,"minecraft:walk_under_water_one_cm":36621,"minecraft:boat_one_cm":28495,"minecraft:jump":5382,"minecraft:interact_with_blast_furnace":1,"minecraft:walk_on_water_one_cm":31729,"minecraft:total_world_time":264561,"minecraft:interact_with_furnace":95,"minecraft:sleep_in_bed":6,"minecraft:time_since_rest":65013,"minecraft:damage_taken":9181,"minecraft:damage_dealt":20509,"minecraft:player_kills":2,"minecraft:swim_one_cm":57773,"minecraft:fly_one_cm":844458,"minecraft:open_chest":62,"minecraft:crouch_one_cm":57986,"minecraft:fall_one_cm":134573},"minecraft:mined":{"minecraft:white_bed":12,"minecraft:deepslate_diamond_ore":3,"minecraft:cherry_log":6,"minecraft:jungle_leaves":1,"minecraft:cave_vines_plant":1,"minecraft:granite":25,"minecraft:grass_block":39,"minecraft:spruce_leaves":28,"minecraft:moss_block":2,"minecraft:hay_block":26,"minecraft:tall_seagrass":1,"minecraft:redstone_ore":5,"minecraft:spruce_sapling":4,"minecraft:furnace":6,"minecraft:carrots":11,"minecraft:cobbled_deepslate":1,"minecraft:iron_ore":83,"minecraft:fire":3,"minecraft:andesite":19,"minecraft:moss_carpet":1,"minecraft:deepslate_lapis_ore":3,"minecraft:potatoes":2,"minecraft:pointed_dripstone":1,"minecraft:cave_vines":3,"minecraft:deepslate_iron_ore":60,"minecraft:rail":1,"minecraft:azalea":6,"minecraft:stone":358,"minecraft:white_wool":3,"minecraft:deepslate_redstone_ore":7,"minecraft:flowering_azalea":2,"minecraft:powder_snow":1,"minecraft:crafting_table":13,"minecraft:short_grass":72,"minecraft:melon":3,"minecraft:glass":2,"minecraft:tall_grass":44,"minecraft:cobblestone":69,"minecraft:lapis_ore":1,"minecraft:deepslate_gold_ore":5,"minecraft:diorite":16,"minecraft:pink_petals":7,"minecraft:yellow_wool":2,"minecraft:birch_log":6,"minecraft:sweet_berry_bush":12,"minecraft:wheat":4,"minecraft:ice":1,"minecraft:spruce_log":25,"minecraft:yellow_bed":3,"minecraft:coal_ore":101,"minecraft:oak_log":26,"minecraft:gravel":3,"minecraft:dirt":39,"minecraft:gold_ore":3,"minecraft:oak_leaves":11,"minecraft:deepslate":20},"minecraft:picked_up":{"minecraft:wooden_axe":1,"minecraft:crafting_table":17,"minecraft:iron_chestplate":3,"minecraft:wheat":25,"minecraft:ominous_bottle":1,"minecraft:chicken":1,"minecraft:clay_ball":144,"minecraft:yellow_wool":2,"minecraft:wooden_pickaxe":10,"minecraft:shield":8,"minecraft:string":3,"minecraft:moss_carpet":8,"minecraft:cobbled_deepslate":50,"minecraft:beef":66,"minecraft:light_gray_wool":1,"minecraft:oak_boat":1,"minecraft:azalea":13,"minecraft:poppy":3,"minecraft:iron_pickaxe":10,"minecraft:melon_slice":14,"minecraft:egg":1,"minecraft:iron_boots":3,"minecraft:furnace":9,"minecraft:raw_iron":215,"minecraft:stick":10,"minecraft:torch":6,"minecraft:porkchop":72,"minecraft:cherry_log":6,"minecraft:pointed_dripstone":1,"minecraft:diorite":15,"minecraft:carrot":41,"minecraft:redstone":79,"minecraft:stone_shovel":4,"minecraft:arrow":28,"minecraft:rotten_flesh":41,"minecraft:hay_block":31,"minecraft:rail":1,"minecraft:glow_berries":6,"minecraft:mutton":75,"minecraft:cobblestone":650,"minecraft:white_wool":31,"minecraft:birch_log":6,"minecraft:pink_petals":23,"minecraft:leather_chestplate":5,"minecraft:cherry_planks":36,"minecraft:water_bucket":1,"minecraft:andesite":54,"minecraft:leather":30,"minecraft:potato":5,"minecraft:tuff":3,"minecraft:oak_log":38,"minecraft:golden_boots":1,"minecraft:yellow_bed":3,"minecraft:gunpowder":6,"minecraft:lapis_lazuli":51,"minecraft:dirt":131,"minecraft:white_banner":1,"minecraft:bone":26,"minecraft:bow":3,"minecraft:wheat_seeds":86,"minecraft:raw_gold":8,"minecraft:stone_pickaxe":3,"minecraft:iron_ingot":7,"minecraft:moss_block":28,"minecraft:flowering_azalea":3,"minecraft:oak_planks":162,"minecraft:iron_sword":8,"minecraft:cooked_porkchop":44,"minecraft:pumpkin":1,"minecraft:sweet_berries":93,"minecraft:gravel":3,"minecraft:dripstone_block":6,"minecraft:spruce_sapling":10,"minecraft:white_bed":12,"minecraft:spruce_log":85,"minecraft:spider_eye":3,"minecraft:slime_ball":10,"minecraft:diamond":5,"minecraft:stone_axe":5,"minecraft:iron_helmet":3,"minecraft:granite":25,"minecraft:bread":112,"minecraft:coal":553,"minecraft:black_wool":3},"minecraft:crafted":{"minecraft:cherry_planks":24,"minecraft:oak_planks":84,"minecraft:cooked_chicken":1,"minecraft:furnace":1,"minecraft:piston":1,"minecraft:white_carpet":3,"minecraft:cooked_mutton":7,"minecraft:iron_boots":2,"minecraft:iron_axe":2,"minecraft:stone_pickaxe":1,"minecraft:wheat":173,"minecraft:cooked_beef":3,"minecraft:cooked_porkchop":23,"minecraft:powered_rail":6,"minecraft:spruce_planks":20,"minecraft:crafting_table":3,"minecraft:wooden_pickaxe":1,"minecraft:iron_helmet":2,"minecraft:yellow_carpet":3,"minecraft:iron_sword":2,"minecraft:bucket":1,"minecraft:stone_axe":1,"minecraft:bread":60,"minecraft:air":0,"minecraft:oak_boat":1,"minecraft:iron_chestplate":2,"minecraft:shield":3,"minecraft:stick":28,"minecraft:iron_ingot":45,"minecraft:iron_pickaxe":3,"minecraft:wooden_axe":2,"minecraft:gold_ingot":3,"minecraft:iron_leggings":2,"minecraft:white_bed":2,"minecraft:redstone_torch":1,"minecraft:clay":12}},"DataVersion":3953}