{"stats":{"minecraft:picked_up":{"minecraft:rotten_flesh":2},"minecraft:killed_by":{"minecraft:zombie":1},"minecraft:killed":{"minecraft:zombie":1},"minecraft:custom":{"minecraft:jump":42,"minecraft:time_since_rest":952,"minecraft:damage_dealt":164,"minecraft:leave_game":1,"minecraft:deaths":1,"minecraft:sprint_one_cm":2001,"minecraft:play_time":1511,"minecraft:damage_taken":276,"minecraft:time_since_death":925,"minecraft:walk_one_cm":1250,"minecraft:total_world_time":1511,"minecraft:mob_kills":3,"minecraft:fall_one_cm":838,"minecraft:fly_one_cm":2877}},"DataVersion":3953}