{"stats":{"minecraft:used":{"minecraft:dirt":14,"minecraft:white_bed":3},"minecraft:killed_by":{"minecraft:skeleton":1,"minecraft:zombie":2},"minecraft:dropped":{"minecraft:dirt":5},"minecraft:killed":{"minecraft:sheep":2,"minecraft:zombie":3,"minecraft:pig":1,"minecraft:spider":1},"minecraft:custom":{"minecraft:time_since_rest":383,"minecraft:interact_with_furnace":1,"minecraft:sprint_one_cm":73855,"minecraft:damage_taken":1441,"minecraft:walk_one_cm":40104,"minecraft:mob_kills":9,"minecraft:drop":1,"minecraft:damage_dealt":1263,"minecraft:player_kills":1,"minecraft:swim_one_cm":1660,"minecraft:fly_one_cm":94758,"minecraft:crouch_one_cm":1737,"minecraft:play_time":40441,"minecraft:deaths":5,"minecraft:sneak_time":858,"minecraft:walk_under_water_one_cm":1083,"minecraft:jump":624,"minecraft:leave_game":4,"minecraft:time_since_death":6152,"minecraft:walk_on_water_one_cm":863,"minecraft:sleep_in_bed":2,"minecraft:total_world_time":40441,"minecraft:fall_one_cm":14888},"minecraft:mined":{"minecraft:white_bed":1,"minecraft:birch_log":6,"minecraft:short_grass":32,"minecraft:grass_block":1,"minecraft:oak_log":5,"minecraft:dirt":2,"minecraft:tall_grass":28,"minecraft:oak_leaves":1},"minecraft:picked_up":{"minecraft:birch_log":6,"minecraft:oak_log":5,"minecraft:white_bed":1,"minecraft:spider_eye":1,"minecraft:dirt":19,"minecraft:string":1,"minecraft:rotten_flesh":4,"minecraft:wheat_seeds":12,"minecraft:mutton":3,"minecraft:white_wool":2}},"DataVersion":3953}